School,Year,Games,Wins,Loses,W_L_Perc,SRS,SOS,Conf_W,Conf_L,Home_W,Home_L,Away_W,Away_L,Team_Points,Opp_Points,Min_Played,FG,FGA,FG_Perc,3P,3PA,3P_Perc,FT,FTA,FT_Perc,ORB,TRB,AST,STL,BLK,TOV,PF,Pace,ORtg,FTr,3PAr,TS_Perc,TRB_Perc,AST_Perc,STL_Perc,BLK_Pec,eFG_Pec,TOV_Pec,ORB_Pec,FT/FGA
AbileneChristian,2024,32,15,17,0.469,-3.81,-1.17,10,10,8,6,5,9,2320,2351,1295,811,1877,0.432,165,484,0.341,533,729,0.731,314,1070,405,253,65,404,634,71.3,100.5,0.388,0.258,0.522,47.7,49.9,11,5.3,0.476,15.4,26.8,0.284
AirForce,2024,31,9,22,0.29,-4.33,1.87,2,16,4,12,5,8,2051,2243,1250,727,1604,0.453,273,757,0.361,324,475,0.682,225,872,451,202,122,372,541,63.4,103.6,0.296,0.472,0.56,46.2,62,10.2,11.8,0.538,16.9,23.8,0.202
Akron,2024,34,24,10,0.706,3.02,-2.52,13,5,13,1,7,6,2517,2239,1365,890,1952,0.456,274,835,0.328,463,636,0.728,354,1252,447,192,99,389,563,67,110.1,0.326,0.428,0.558,53.3,50.2,8.4,8.1,0.526,14.7,30.9,0.237
Alabama,2024,32,21,11,0.656,21.12,11.43,13,5,14,2,5,5,2904,2594,1290,989,2073,0.477,354,969,0.365,572,730,0.784,407,1267,515,232,133,383,636,74.2,121.3,0.352,0.467,0.6,53,52.1,9.7,10.5,0.562,13.7,35,0.276
AlabamaA&M,2024,33,11,22,0.333,-14.67,-7.58,9,9,7,5,3,14,2267,2501,1325,753,1806,0.417,139,488,0.285,622,865,0.719,373,1170,344,251,127,534,695,71.8,95.4,0.479,0.27,0.511,49.6,45.7,10.6,10.7,0.455,19.4,31.7,0.344
AlabamaState,2024,32,13,19,0.406,-11.74,-6.87,8,10,7,5,3,13,2195,2221,1303,772,2087,0.37,223,793,0.281,428,592,0.723,453,1265,345,277,123,361,609,69.7,97,0.284,0.38,0.463,50.1,44.7,12.2,12,0.423,13.2,32.4,0.205
Albany(NY),2024,32,13,19,0.406,-6.46,-5.08,5,11,8,5,5,13,2517,2521,1285,918,2059,0.446,250,757,0.33,431,594,0.726,364,1153,411,266,101,425,621,74.6,105.1,0.288,0.368,0.538,50,44.8,11.1,7.4,0.507,15.4,30.5,0.209
AlcornState,2024,32,14,18,0.438,-11.59,-5.62,13,5,7,3,7,14,2300,2477,1285,818,1851,0.442,166,492,0.337,498,699,0.712,360,1086,371,220,56,370,567,68.3,104.8,0.378,0.266,0.527,51.4,45.4,10,5.7,0.487,14.5,33.6,0.269
American,2024,32,16,16,0.5,-8.75,-8.59,10,8,8,7,8,9,2200,2176,1291,782,1740,0.449,279,794,0.351,355,492,0.722,287,1043,449,186,54,347,527,63.1,108.1,0.283,0.456,0.557,51.6,57.4,9.1,5.5,0.53,15,28.4,0.204
AppalachianState,2024,33,27,6,0.818,6.42,-2.58,16,2,15,0,8,4,2589,2196,1350,966,2033,0.475,217,647,0.335,440,649,0.678,366,1385,484,205,226,355,429,69.2,110.9,0.319,0.318,0.553,53.6,50.1,8.8,15.6,0.529,13.2,31,0.216
Arizona,2024,33,25,8,0.758,25.35,9.65,15,5,15,1,7,4,2902,2384,1345,1041,2129,0.489,258,695,0.371,562,782,0.719,437,1407,615,273,115,397,539,73.3,117.8,0.367,0.326,0.58,57.1,59.1,11.1,9,0.55,13.7,36.3,0.264
ArizonaState,2024,32,14,18,0.438,4.88,9.85,8,12,10,5,3,8,2209,2368,1285,791,1901,0.416,215,716,0.3,412,629,0.655,269,1064,385,263,117,335,532,70.6,97.5,0.331,0.377,0.502,45,48.7,11.6,10.2,0.473,13.2,21.9,0.217
Arkansas,2024,33,16,17,0.485,6.38,8.41,6,12,12,6,2,7,2566,2633,1340,859,1898,0.453,199,625,0.318,649,859,0.756,281,1139,387,198,201,395,655,72.2,106.1,0.453,0.329,0.556,48.7,45.1,8.2,15,0.505,14.6,25.2,0.342
ArkansasState,2024,34,18,16,0.529,0.52,-1.07,11,7,10,3,5,11,2677,2623,1365,934,2117,0.441,321,921,0.349,488,693,0.704,440,1298,492,190,150,386,600,70,112,0.327,0.435,0.547,51.9,52.7,8,10.1,0.517,13.6,33.9,0.231
Arkansas-PineBluff,2024,31,13,18,0.419,-15.62,-7.66,8,10,8,6,5,12,2483,2536,1240,813,1821,0.446,337,898,0.375,520,682,0.762,261,1073,467,183,67,413,568,74.3,107.8,0.375,0.493,0.579,47.5,57.4,7.9,5.4,0.539,16.1,24.3,0.286
Army,2024,32,10,22,0.313,-14.44,-8.71,6,12,6,11,4,11,1930,2059,1295,707,1747,0.405,252,788,0.32,264,449,0.588,308,1088,401,184,126,389,506,63.1,94.5,0.257,0.451,0.492,50,56.7,9,12.2,0.477,16.6,27.3,0.151
Auburn,2024,33,26,7,0.788,23,7.82,13,5,15,1,5,5,2747,2246,1320,952,2007,0.474,267,756,0.353,576,768,0.75,378,1249,593,243,202,348,633,70.8,117.6,0.383,0.377,0.579,52.3,62.3,10.4,16,0.541,12.8,33.3,0.287
AustinPeay,2024,34,19,15,0.559,-5.24,-4.24,10,6,14,2,4,12,2548,2480,1385,917,2038,0.45,271,739,0.367,443,630,0.703,367,1159,378,240,94,297,598,65.6,112.2,0.309,0.363,0.545,49.3,41.2,10.6,7.8,0.516,11.3,30.3,0.217
BallState,2024,31,15,16,0.484,-6.47,-5.71,7,11,9,7,6,8,2280,2200,1255,769,1726,0.446,232,641,0.362,510,665,0.767,294,1082,385,170,96,374,469,67.8,107.2,0.385,0.371,0.558,50.9,50.1,8,8.1,0.513,15.5,28.3,0.295
Baylor,2024,33,23,10,0.697,20.22,11.41,11,7,15,2,4,5,2658,2350,1350,913,1890,0.483,279,719,0.388,553,751,0.736,377,1163,490,222,106,399,546,66.9,117.6,0.397,0.38,0.592,54.6,53.7,9.8,8.8,0.557,15.1,36,0.293
Bellarmine,2024,31,8,23,0.258,-11.42,-2.1,4,12,6,7,2,16,2153,2320,1250,797,1837,0.434,238,698,0.341,321,412,0.779,245,1002,420,164,60,297,486,66.8,103.1,0.224,0.38,0.53,46.9,52.7,7.9,5.9,0.499,12.7,22.6,0.175
Belmont,2024,33,20,13,0.606,2.92,1.58,12,8,12,2,6,9,2570,2493,1325,922,1939,0.476,301,811,0.371,425,588,0.723,237,1130,504,248,101,402,511,72,107.7,0.303,0.418,0.579,48.6,54.7,10.4,8.1,0.553,15.3,21.7,0.219
Bethune-Cookman,2024,33,17,16,0.515,-12.16,-9.1,11,7,11,2,5,11,2394,2381,1335,825,1922,0.429,194,608,0.319,550,728,0.755,347,1111,402,342,112,465,675,71.7,100.1,0.379,0.316,0.528,48.7,48.7,14.3,9.7,0.48,17,30,0.286
Binghamton,2024,30,15,15,0.5,-9.12,-5.05,7,9,10,4,5,11,2163,2167,1210,801,1738,0.461,164,536,0.306,397,595,0.667,313,1156,435,150,113,366,498,68.6,104.3,0.342,0.308,0.535,53.6,54.3,7.2,10.3,0.508,15.3,30.2,0.228
BoiseState,2024,32,22,10,0.688,13.84,7.44,13,5,13,3,7,3,2426,2161,1290,835,1846,0.452,256,741,0.345,500,680,0.735,365,1190,400,184,77,357,533,67.1,112.1,0.368,0.401,0.559,55.5,47.9,8.5,6.9,0.522,14.1,33.7,0.271
BostonCollege,2024,34,19,15,0.559,9.45,6.98,8,12,10,6,6,6,2535,2451,1370,931,2035,0.457,283,784,0.361,390,520,0.75,318,1198,483,204,120,361,538,68,108.9,0.256,0.385,0.555,50.5,51.9,8.8,9.6,0.527,13.7,27.2,0.192
BostonUniversity,2024,33,16,17,0.485,-9.72,-8.29,10,8,9,7,7,10,2193,2198,1335,768,1856,0.414,254,763,0.333,403,562,0.717,309,1167,427,216,102,384,571,65.9,99.7,0.303,0.411,0.516,51.5,55.6,9.8,9.6,0.482,15.3,26.8,0.217
BowlingGreenState,2024,33,20,13,0.606,-4.8,-5.47,10,8,12,4,5,7,2427,2337,1345,854,1987,0.43,211,710,0.297,508,712,0.713,379,1259,369,215,91,378,523,68.9,104.7,0.358,0.357,0.522,52.3,43.2,9.3,7.1,0.483,14,30.7,0.256
Bradley,2024,33,22,11,0.667,9.66,2.57,13,7,13,3,6,6,2461,2212,1335,895,1887,0.474,297,797,0.373,374,518,0.722,309,1148,441,239,135,400,553,66.9,110.2,0.275,0.422,0.577,51.6,49.3,10.7,11.9,0.553,15.8,28.9,0.198
BrighamYoung,2024,33,23,10,0.697,20.36,8.42,10,8,16,2,3,7,2701,2307,1320,970,2098,0.462,370,1063,0.348,391,530,0.738,394,1308,613,196,99,352,584,70,116.9,0.253,0.507,0.575,54.2,63.2,8.5,7.7,0.551,13,32.8,0.186
Brown,2024,30,13,17,0.433,-3.61,-1.71,8,6,5,7,6,8,2151,2165,1221,759,1763,0.431,247,720,0.343,386,588,0.656,360,1120,404,193,128,376,508,67.9,103.8,0.334,0.408,0.527,52,53.2,9.3,12,0.501,15.5,32.3,0.219
Bryant,2024,33,20,13,0.606,-2.86,-3.35,11,5,11,3,8,10,2598,2488,1330,954,2087,0.457,273,806,0.339,417,623,0.669,259,1246,487,230,213,393,557,76,102.9,0.299,0.386,0.545,47.1,51,9.1,14.9,0.523,14.2,21,0.2
Bucknell,2024,33,14,19,0.424,-8.1,-6.16,10,8,6,8,8,11,2153,2217,1335,758,1770,0.428,269,795,0.338,368,514,0.716,276,1073,399,202,113,405,559,64.1,100.6,0.29,0.449,0.534,49.1,52.6,9.4,10.7,0.504,16.7,25.8,0.208
Buffalo,2024,31,4,27,0.129,-14.88,-2.58,2,16,2,13,2,12,2108,2471,1245,770,1830,0.421,207,746,0.277,361,504,0.716,323,1082,415,188,141,450,484,70.5,96.1,0.275,0.408,0.509,48.7,53.9,8.6,11.4,0.477,17.9,28.5,0.197
Butler,2024,32,18,14,0.563,12.23,9.42,9,11,12,5,4,7,2472,2359,1310,894,1977,0.452,268,758,0.354,416,525,0.792,298,1128,480,199,106,347,443,69.4,108.7,0.266,0.383,0.555,49.4,53.7,8.7,8.3,0.52,13.5,26.8,0.21
CalPoly,2024,32,4,28,0.125,-13.26,-1.9,0,20,3,11,0,16,2037,2371,1295,719,1778,0.404,198,598,0.331,401,569,0.705,283,1000,314,173,117,405,614,66.7,94.3,0.32,0.336,0.497,44.8,43.7,8,9.5,0.46,16.5,24.5,0.226
CalStateBakersfield,2024,32,13,19,0.406,-5.06,-1.86,8,12,10,4,2,13,2199,2214,1295,807,1861,0.434,150,476,0.315,435,602,0.723,382,1109,335,220,114,389,652,66.3,102.4,0.323,0.256,0.512,50.9,41.5,10.2,10.7,0.474,15.3,33.9,0.234
CalStateFullerton,2024,32,14,18,0.438,-4.74,-0.74,7,13,7,7,6,10,2172,2212,1285,740,1717,0.431,207,627,0.33,485,685,0.708,269,1048,284,214,98,393,571,67.5,100.2,0.399,0.365,0.532,48,38.4,9.9,8.9,0.491,16.1,24.8,0.282
CalStateNorthridge,2024,34,19,15,0.559,-4.44,-3.79,9,11,9,7,9,7,2551,2503,1365,940,2065,0.455,165,537,0.307,506,757,0.668,402,1362,472,253,114,481,707,73.5,101.7,0.367,0.26,0.526,53.4,50.2,10.1,10.1,0.495,16.6,32.3,0.245
California,2024,32,13,19,0.406,5.24,8.3,9,11,10,6,3,8,2367,2465,1310,833,1980,0.421,281,831,0.338,420,578,0.727,343,1189,387,193,83,370,552,69.7,103.7,0.292,0.42,0.525,50.5,46.5,8.5,6.7,0.492,14.1,28.6,0.212
CaliforniaBaptist,2024,33,16,17,0.485,-2.37,-2.31,8,12,11,7,4,9,2222,2197,1330,762,1857,0.41,220,674,0.326,478,700,0.683,397,1241,372,133,87,392,524,65.7,101.7,0.377,0.363,0.507,53.6,48.8,6.1,6.5,0.47,15.2,32.9,0.257
Campbell,2024,32,14,18,0.438,-10.44,-5.47,8,10,11,6,3,11,2272,2307,1295,806,1740,0.463,232,673,0.345,428,590,0.725,246,1040,425,202,77,383,485,67,104.8,0.339,0.387,0.562,48.3,52.7,9.3,7,0.53,15.9,24.4,0.246
Canisius,2024,32,14,18,0.438,-7.7,-4.63,8,12,8,4,3,12,2252,2307,1290,841,1910,0.44,232,690,0.336,338,541,0.625,384,1181,401,192,111,432,520,68.5,101.9,0.283,0.361,0.52,52.2,47.7,8.7,8.5,0.501,16.6,33.5,0.177
CentralArkansas,2024,32,9,23,0.281,-15.33,-5.26,5,11,5,10,4,13,2309,2502,1285,817,1965,0.416,256,747,0.343,419,566,0.74,359,1165,437,225,105,407,548,70.7,101.7,0.288,0.38,0.517,49.4,53.5,9.9,9.4,0.481,15.4,29.7,0.213
CentralConnecticutState,2024,31,20,11,0.645,-8.04,-10.04,13,3,11,4,9,7,2237,2061,1250,810,1798,0.451,208,645,0.322,409,577,0.709,298,1111,444,232,150,349,423,68,105.2,0.321,0.359,0.54,51.4,54.8,10.9,12.8,0.508,14.4,28.5,0.227
CentralMichigan,2024,32,18,14,0.563,-7.83,-3.35,12,6,10,3,7,9,2127,2242,1315,790,1880,0.42,200,660,0.303,347,526,0.66,339,1162,364,192,119,384,527,66.3,97.6,0.28,0.351,0.499,49.1,46.1,8.8,10.5,0.473,15.3,28.8,0.185
CharlestonSouthern,2024,30,10,20,0.333,-11.87,-1.42,6,10,7,7,3,12,2028,2210,1200,715,1727,0.414,208,629,0.331,390,530,0.736,301,1066,306,115,90,366,512,68.3,99,0.307,0.364,0.512,49.6,42.8,5.6,7.3,0.474,15.6,27.9,0.226
Charlotte,2024,31,19,12,0.613,4.39,2.73,13,5,13,2,5,7,2131,2034,1250,748,1655,0.452,201,635,0.317,434,576,0.753,260,1006,407,168,105,301,479,63.1,108.1,0.348,0.384,0.552,49.7,54.4,8.5,9.7,0.513,13.5,26.7,0.262
Chattanooga,2024,33,21,12,0.636,-0.04,-3.69,12,6,12,4,8,7,2581,2362,1335,892,1915,0.466,349,971,0.359,448,601,0.745,305,1206,447,208,121,393,524,68.5,112.9,0.314,0.507,0.586,51.6,50.1,9.1,10.3,0.557,15.2,28.2,0.234
ChicagoState,2024,30,12,18,0.4,-9.72,-2.98,,,6,5,5,12,2073,2106,1205,716,1697,0.422,188,595,0.316,453,640,0.708,366,1010,334,261,98,405,525,67.8,101.4,0.377,0.351,0.518,49,46.6,12.8,8.9,0.477,16.8,34.2,0.267
Cincinnati,2024,34,20,14,0.588,15.57,8.84,7,11,14,5,4,7,2537,2308,1375,939,2125,0.442,249,769,0.324,410,592,0.693,464,1344,501,226,150,409,519,68.4,108,0.279,0.362,0.527,55.3,53.4,9.6,11.6,0.5,14.5,37.2,0.193
Clemson,2024,32,21,11,0.656,14.91,8.82,11,9,12,4,6,6,2477,2282,1290,878,1877,0.468,267,755,0.354,454,575,0.79,295,1166,469,144,126,325,505,67.5,113.7,0.306,0.402,0.576,52.3,53.4,6.6,11.2,0.539,13.1,27.7,0.242
ClevelandState,2024,34,20,14,0.588,-2.91,-4.46,11,9,14,3,6,10,2592,2480,1370,956,2119,0.451,222,660,0.336,458,680,0.674,437,1195,454,280,134,352,632,68.5,110.5,0.321,0.311,0.531,49.2,47.5,11.9,11.3,0.504,12.6,34.5,0.216
CoastalCarolina,2024,31,9,22,0.29,-10.19,-2.6,5,13,7,12,1,9,2280,2434,1250,835,1880,0.444,201,626,0.321,409,616,0.664,353,1250,395,178,97,420,496,71.5,102,0.328,0.333,0.525,51.6,47.3,8,8.8,0.498,16.2,30.9,0.218
Colgate,2024,34,25,9,0.735,0.07,-6.08,16,2,13,3,10,5,2431,2150,1360,903,1922,0.47,267,739,0.361,358,526,0.681,277,1221,515,217,119,360,456,66.5,107.5,0.274,0.384,0.56,52.1,57,9.6,10.1,0.539,14.2,25.2,0.186
CollegeofCharleston,2024,34,27,7,0.794,4.19,-2.87,15,3,13,2,10,2,2736,2466,1365,974,2200,0.443,358,1039,0.345,430,597,0.72,440,1350,520,211,105,338,536,70,114.6,0.271,0.472,0.551,53,53.4,8.8,8.1,0.524,12,33.5,0.195
Colorado,2024,34,24,10,0.706,16.02,7.9,13,7,16,1,4,7,2696,2420,1375,963,1953,0.493,234,594,0.394,536,689,0.778,345,1277,540,202,73,431,505,69.1,113.6,0.353,0.304,0.591,55.5,56.1,8.5,5.5,0.553,15.9,32.2,0.274
ColoradoState,2024,34,24,10,0.706,13.47,7.38,10,8,15,2,4,7,2596,2324,1370,937,1919,0.488,253,743,0.341,469,622,0.754,264,1118,627,222,109,344,580,66.9,113.3,0.324,0.387,0.586,50,66.9,9.7,8.6,0.554,13.4,24.8,0.244
Columbia,2024,27,13,14,0.481,-5.22,-3.51,4,10,9,6,4,8,2078,1956,1080,749,1597,0.469,231,616,0.375,349,477,0.732,265,964,471,209,62,330,437,70,110,0.299,0.386,0.57,51.7,62.9,11.1,6.7,0.541,15.3,29.5,0.219
Connecticut,2024,34,31,3,0.912,24.72,7.66,18,2,16,0,9,3,2770,2190,1360,989,1994,0.496,299,815,0.367,493,664,0.742,395,1308,630,212,183,335,552,66.2,123,0.333,0.409,0.6,56.1,63.7,9.4,14.2,0.571,12.7,36.5,0.247
CoppinState,2024,29,2,27,0.069,-21.37,-6.4,1,13,2,8,0,17,1678,2112,1170,585,1571,0.372,153,540,0.283,355,489,0.726,283,873,240,222,81,455,513,67.4,85.1,0.311,0.344,0.465,43.5,41,11.3,8,0.421,20.1,27,0.226
Cornell,2024,29,22,7,0.759,3.64,-1.91,11,3,10,1,10,5,2380,2153,1160,862,1769,0.487,298,859,0.347,358,496,0.722,281,1031,518,244,76,357,529,71.9,114.2,0.28,0.486,0.594,50.3,60.1,11.7,7.5,0.572,15.1,28.9,0.202
Creighton,2024,32,23,9,0.719,20.03,9.22,14,6,14,2,8,5,2577,2231,1305,935,1922,0.486,339,939,0.361,368,471,0.781,266,1214,548,127,132,338,362,67.9,116.3,0.245,0.489,0.6,53.1,58.6,5.7,8.6,0.575,13.6,25.9,0.191
Dartmouth,2024,27,6,21,0.222,-13.82,-1.14,2,12,6,7,0,14,1670,1940,1080,594,1447,0.411,191,626,0.305,291,422,0.69,200,898,332,120,95,344,374,66.3,93.3,0.292,0.433,0.507,48.9,55.9,6.7,10.4,0.477,17.3,21.8,0.201
Davidson,2024,32,15,17,0.469,3.85,3.51,5,13,9,7,4,8,2242,2174,1300,783,1816,0.431,235,749,0.314,441,602,0.733,295,1109,403,207,112,338,511,65.9,104.7,0.331,0.412,0.533,49.6,51.5,9.7,10.7,0.496,13.9,26.5,0.243
Dayton,2024,31,24,7,0.774,13.55,5.1,14,4,15,0,6,5,2317,2055,1245,786,1647,0.477,295,734,0.402,450,613,0.734,254,1046,458,167,124,317,416,64.6,115.3,0.372,0.446,0.598,50.7,58.3,8.3,11.3,0.567,14.1,26.8,0.273
Delaware,2024,33,19,14,0.576,-1.48,-4.11,10,8,8,5,8,6,2416,2299,1325,891,1917,0.465,227,678,0.335,407,576,0.707,304,1178,454,178,100,356,496,67.7,107.8,0.3,0.354,0.551,50.9,51,7.9,7.9,0.524,14,27.6,0.212
DelawareState,2024,33,15,18,0.455,-10.45,-7.83,6,8,7,5,4,11,2335,2336,1345,825,1906,0.433,156,485,0.322,529,751,0.704,380,1140,399,277,64,486,557,70.1,99,0.394,0.254,0.516,51.8,48.4,11.7,5.8,0.474,17.7,34.1,0.278
Denver,2024,34,17,17,0.5,-7.02,-4.45,6,10,10,4,4,11,2755,2737,1385,946,2103,0.45,294,845,0.348,569,779,0.73,348,1213,444,211,132,340,573,71.1,111.9,0.37,0.402,0.557,49.2,46.9,8.6,9.5,0.52,12.1,27.8,0.271
DePaul,2024,32,3,29,0.094,-6.34,10.7,0,20,3,15,0,11,2071,2616,1280,725,1714,0.423,200,597,0.335,421,574,0.733,233,951,392,168,99,435,482,68.4,94.7,0.335,0.348,0.521,44.9,54.1,7.7,8.6,0.481,18,22,0.246
DetroitMercy,2024,32,1,31,0.031,-16.7,-2.42,1,19,1,11,0,20,2111,2568,1290,761,1806,0.421,187,666,0.281,402,547,0.735,286,945,346,222,78,427,553,68,96.2,0.303,0.369,0.511,44.6,45.5,10.1,6.6,0.473,17.1,26.1,0.223
Drake,2024,34,28,6,0.824,11.19,1.52,16,4,16,0,6,5,2736,2397,1395,967,2020,0.479,295,804,0.367,507,667,0.76,270,1170,541,219,53,329,549,68.5,114.5,0.33,0.398,0.585,51.4,55.9,9.2,4.5,0.552,12.3,24.2,0.251
Drexel,2024,32,20,12,0.625,1.37,-3.4,13,5,13,1,6,10,2346,2130,1295,861,1886,0.457,216,628,0.344,408,565,0.722,369,1253,406,161,127,346,491,65.7,110.4,0.3,0.333,0.544,55.6,47.2,7.6,10.5,0.514,13.8,33.9,0.216
Duke,2024,32,24,8,0.75,20.24,7.84,15,5,15,3,7,4,2555,2158,1280,913,1896,0.482,267,708,0.377,462,640,0.722,337,1169,493,206,118,311,505,67.7,117.9,0.338,0.373,0.581,53.7,54,9.5,9.9,0.552,12.4,31.9,0.244
Duquesne,2024,34,23,11,0.676,7.32,3.92,10,8,13,4,5,6,2420,2260,1360,853,1936,0.441,259,761,0.34,455,634,0.718,352,1190,457,254,150,400,586,67.2,106,0.327,0.393,0.541,50.5,53.6,11.1,12.8,0.507,15.2,30.2,0.235
EastCarolina,2024,33,15,18,0.455,-0.32,1.61,7,11,11,9,3,7,2287,2319,1330,803,1903,0.422,218,696,0.313,463,669,0.692,393,1154,406,260,92,358,516,65.8,104.5,0.352,0.366,0.515,50.3,50.6,11.9,8.8,0.479,13.9,32.9,0.243
EastTennesseeState,2024,35,19,16,0.543,-2.93,-2.57,8,10,10,4,5,11,2502,2435,1405,866,2131,0.406,272,876,0.311,498,730,0.682,486,1350,399,269,163,433,638,68.8,103.5,0.343,0.411,0.505,51.8,46.1,11.1,13.4,0.47,14.9,35.1,0.234
EasternIllinois,2024,32,14,18,0.438,-11.28,-6.18,8,10,9,6,4,11,2204,2172,1280,822,1951,0.421,179,560,0.32,381,521,0.731,349,1131,413,258,95,331,567,68.2,101,0.267,0.287,0.501,49.9,50.2,11.8,8.8,0.467,13.1,29,0.195
EasternKentucky,2024,31,17,14,0.548,-5.11,-4.18,12,4,13,4,4,10,2504,2371,1245,917,1993,0.46,243,678,0.358,427,628,0.68,410,1244,453,196,190,356,502,71.8,112,0.315,0.34,0.546,52.3,49.4,8.8,14.5,0.521,13.4,34.9,0.214
EasternMichigan,2024,31,13,18,0.419,-12.53,-4.84,6,12,9,6,4,11,2047,2252,1255,783,1825,0.429,178,585,0.304,303,454,0.667,321,1069,321,179,77,361,508,66.4,98.3,0.249,0.321,0.502,48.6,41,8.6,7,0.478,15,28.7,0.166
EasternWashington,2024,32,21,11,0.656,-0.58,-2.55,15,3,11,1,10,9,2586,2407,1285,894,1783,0.501,273,749,0.364,525,681,0.771,258,1083,562,191,115,422,579,70.9,113.6,0.382,0.42,0.614,51.8,62.9,8.4,10.2,0.578,16.7,26.8,0.294
Elon,2024,32,13,19,0.406,-11.23,-5.26,6,12,8,6,3,12,2339,2413,1280,824,1848,0.446,275,781,0.352,416,588,0.707,331,1082,418,201,85,379,503,68,107.5,0.318,0.423,0.55,49,50.7,9.2,7.4,0.52,15.1,30.2,0.225
Evansville,2024,33,16,17,0.485,-3.39,0.93,6,14,10,5,4,11,2360,2428,1330,866,1933,0.448,224,664,0.337,404,559,0.723,259,1121,431,208,103,377,498,69.6,101.9,0.289,0.344,0.537,49,49.8,9,9.4,0.506,14.6,22.9,0.209
Fairfield,2024,34,22,12,0.647,-2.74,-6.62,14,6,10,4,10,6,2577,2402,1360,913,2051,0.445,314,860,0.365,437,575,0.76,349,1153,456,293,77,362,496,68.9,109.9,0.28,0.419,0.554,49.1,49.9,12.5,6.2,0.522,13.5,29.2,0.213
FDU,2024,32,15,17,0.469,-14.32,-9.18,9,7,7,7,8,9,2430,2482,1290,843,2012,0.419,268,812,0.33,476,680,0.7,364,1191,484,263,81,408,571,73.6,102.4,0.338,0.404,0.52,48.3,57.4,11.1,6.8,0.486,14.9,28.5,0.237
Florida,2024,34,24,10,0.706,15.82,8.46,11,7,14,1,3,7,2913,2663,1385,1018,2217,0.459,268,774,0.346,609,856,0.711,504,1455,515,225,178,401,625,72.9,115.5,0.386,0.349,0.555,54.4,50.6,8.9,12.1,0.52,13.3,37.8,0.275
FloridaA&M,2024,29,6,23,0.207,-15.75,-4.12,4,14,4,8,2,14,1949,2240,1180,727,1679,0.433,170,495,0.343,325,464,0.7,278,1002,414,173,82,442,541,69.9,94.5,0.276,0.295,0.513,48.6,56.9,8.4,7.4,0.484,18.9,27.6,0.194
FloridaAtlantic,2024,33,25,8,0.758,13.89,4.62,14,4,13,1,5,5,2724,2418,1345,970,2017,0.481,279,783,0.356,505,703,0.718,387,1256,495,235,100,367,529,69.1,117.2,0.349,0.388,0.579,52.9,51,10.1,7.7,0.55,13.5,33.7,0.25
FloridaGulfCoast,2024,32,14,18,0.438,-5.97,-3.63,8,8,9,5,4,10,2253,2276,1285,827,1817,0.455,250,704,0.355,349,502,0.695,316,1098,375,193,108,363,464,65.6,106.9,0.276,0.387,0.548,51.3,45.3,9.2,10.3,0.524,15,30,0.192
FloridaInternational,2024,33,11,22,0.333,-7.76,-1.92,5,11,9,6,1,12,2429,2525,1325,882,2019,0.437,284,840,0.338,381,569,0.67,344,1044,465,337,135,451,595,72.1,101.8,0.282,0.416,0.531,44.9,52.7,14.1,11.3,0.507,16.5,27.9,0.189
FloridaState,2024,33,17,16,0.515,9.44,9.2,10,10,10,7,4,7,2526,2518,1325,903,1995,0.453,200,630,0.317,520,735,0.707,336,1098,406,305,142,392,651,72.2,105.7,0.368,0.316,0.539,47.5,45,12.8,12.1,0.503,14.3,28.5,0.261
Fordham,2024,33,13,20,0.394,-0.28,1.66,6,12,6,11,4,6,2325,2389,1345,798,1993,0.4,265,841,0.315,464,701,0.662,430,1225,419,265,156,426,666,69.3,99.8,0.352,0.422,0.5,50.7,52.5,11.4,12.6,0.467,15.5,32.6,0.233
FresnoState,2024,33,12,21,0.364,-2.82,3.96,4,14,7,9,3,9,2233,2439,1340,812,1794,0.453,229,690,0.332,380,555,0.685,260,1043,411,203,81,415,520,66,101,0.309,0.385,0.543,47.5,50.6,9.2,6.6,0.516,16.8,24.3,0.212
Furman,2024,33,17,16,0.515,0.36,-1.77,10,8,12,3,4,10,2623,2506,1340,911,2054,0.444,320,988,0.324,481,661,0.728,371,1247,535,235,95,391,528,71.2,109.9,0.322,0.481,0.554,51.3,58.7,9.8,7.2,0.521,14.2,29.9,0.234
Gardner-Webb,2024,33,17,16,0.515,-4.4,-1.47,11,5,9,4,6,8,2426,2414,1336,867,1992,0.435,249,722,0.345,443,702,0.631,370,1260,419,193,78,385,633,70.2,103.5,0.352,0.362,0.522,51.2,48.3,8.2,6.2,0.498,14.2,29.4,0.222
GeorgeMason,2024,32,20,12,0.625,6.63,2.11,9,9,14,3,5,7,2273,2109,1280,791,1720,0.46,218,637,0.342,473,637,0.743,323,1152,365,175,110,378,527,65,109.2,0.37,0.37,0.562,53.3,46.1,8.4,10.6,0.523,15.7,31.7,0.275
GeorgeWashington,2024,32,15,17,0.469,-0.8,0.16,4,14,12,6,1,9,2457,2472,1315,841,1901,0.442,287,796,0.361,488,654,0.746,293,1180,395,189,153,397,465,70.4,106.2,0.344,0.419,0.555,49.5,47,8.2,11.6,0.518,15.2,25.9,0.257
Georgetown,2024,32,9,23,0.281,0.58,7.62,2,18,7,12,2,10,2267,2492,1290,775,1867,0.415,265,766,0.346,452,633,0.714,390,1090,391,183,98,390,533,67.4,104.3,0.339,0.41,0.523,50.1,50.5,8.4,8.6,0.486,15.2,33.4,0.242
Georgia,2024,33,17,16,0.515,8.56,8.35,6,12,12,6,4,6,2468,2461,1325,832,1939,0.429,265,789,0.336,539,745,0.723,330,1175,387,211,102,375,547,70.4,105.9,0.384,0.407,0.538,48.5,46.5,9.1,8.1,0.497,14.1,27.5,0.278
GeorgiaSouthern,2024,33,9,24,0.273,-8.15,-2.24,8,10,6,6,2,14,2420,2615,1335,847,1971,0.43,309,878,0.352,417,570,0.732,347,1130,354,228,132,436,662,70.1,103.5,0.289,0.445,0.54,47.3,41.8,9.8,10.7,0.508,16.3,28.8,0.212
GeorgiaState,2024,31,14,17,0.452,-4.26,-2.26,8,10,9,5,5,11,2370,2319,1250,856,1967,0.435,234,718,0.326,424,560,0.757,325,1160,366,179,89,301,543,70.6,107.4,0.285,0.365,0.531,49.3,42.8,8.1,7.5,0.495,11.9,27.8,0.216
GeorgiaTech,2024,32,14,18,0.438,4.56,8.78,7,13,8,7,4,9,2272,2407,1300,810,1924,0.421,254,780,0.326,398,561,0.709,367,1219,425,140,128,393,527,68.2,102.5,0.292,0.405,0.519,51.8,52.5,6.3,10.7,0.487,15.2,31.6,0.207
Gonzaga,2024,32,25,7,0.781,17.32,3.03,14,2,13,2,8,2,2716,2207,1280,1025,1985,0.516,219,619,0.354,447,620,0.721,350,1246,530,222,128,313,503,70.2,120.9,0.312,0.312,0.596,55.2,51.7,9.9,10.3,0.572,12.1,34,0.225
Grambling,2024,34,20,14,0.588,-10.15,-6.41,14,4,9,3,7,9,2298,2347,1373,807,1834,0.44,178,525,0.339,506,717,0.706,328,1094,332,252,105,456,544,67.1,99.9,0.391,0.286,0.528,49.2,41.1,11,8.2,0.489,17.3,30.1,0.276
GrandCanyon,2024,33,29,4,0.879,10.03,-1.69,17,3,16,0,8,3,2633,2208,1325,885,1903,0.465,238,691,0.344,625,830,0.753,391,1260,409,271,175,405,591,69.8,114,0.436,0.363,0.573,53.6,46.2,11.7,13.8,0.528,15,34.9,0.328
GreenBay,2024,32,18,14,0.563,-5.36,-3.79,13,7,10,5,8,8,2209,2207,1290,780,1742,0.448,285,840,0.339,364,504,0.722,283,1061,412,140,69,384,552,64.6,106,0.289,0.482,0.557,50.4,52.8,6.7,5.9,0.53,16.2,27.7,0.209
Hampton,2024,33,9,24,0.273,-15.63,-5.1,3,15,5,9,1,12,2369,2520,1320,853,2011,0.424,241,759,0.318,422,591,0.714,372,1221,421,193,123,411,537,70.8,101.4,0.294,0.377,0.517,49.8,49.4,8.3,9.9,0.484,15.2,30.1,0.21
Harvard,2024,27,14,13,0.519,-4.35,-1.85,5,9,9,5,5,8,1900,1937,1090,665,1516,0.439,200,596,0.336,370,527,0.702,250,941,351,168,117,328,400,67.8,102.9,0.348,0.393,0.538,48.6,52.8,9.1,11.9,0.505,15.7,26.8,0.244
Hawaii,2024,34,20,14,0.588,0.3,-2.21,11,9,13,6,4,6,2458,2337,1375,843,1841,0.458,265,776,0.341,507,706,0.718,287,1155,414,157,88,423,594,67.4,106.1,0.383,0.422,0.565,51.5,49.1,6.8,6.1,0.53,16.3,26.4,0.275
HighPoint,2024,33,25,8,0.758,2.24,-5.08,13,3,16,2,7,5,2779,2449,1345,910,1973,0.461,283,814,0.348,676,868,0.779,439,1323,397,172,108,371,602,69.5,119.7,0.44,0.413,0.583,56.4,43.6,7.4,8.1,0.533,13.5,37.8,0.343
Hofstra,2024,33,20,13,0.606,2.45,-1.83,12,6,11,2,5,10,2449,2259,1325,904,1918,0.471,330,890,0.371,311,413,0.753,254,1081,507,204,115,344,480,66.6,111,0.215,0.464,0.579,48.2,56.1,9.2,10.4,0.557,14,23.6,0.162
HolyCross,2024,33,10,23,0.303,-16.91,-7.66,6,12,5,8,4,14,2194,2462,1325,815,1857,0.439,249,704,0.354,315,476,0.662,273,1079,365,133,109,364,532,65.4,101.2,0.256,0.379,0.527,48,44.8,6.1,9.4,0.506,14.9,24.1,0.17
Houston,2024,34,30,4,0.882,26.36,10.3,15,3,17,0,7,3,2483,1937,1370,896,2065,0.434,262,756,0.347,429,618,0.694,465,1280,440,340,161,302,605,64.2,113,0.299,0.366,0.526,52.7,49.1,15.5,16.1,0.497,11.4,36.9,0.208
HoustonChristian,2024,29,6,23,0.207,-18.88,-3.4,4,14,5,8,1,15,2074,2420,1165,759,1751,0.433,147,488,0.301,409,635,0.644,346,1076,330,162,82,445,422,73.4,97,0.363,0.279,0.505,49.2,43.5,7.6,6.5,0.475,17.8,31.2,0.234
Howard,2024,34,18,16,0.529,-8.41,-7.82,9,5,9,4,6,9,2555,2529,1380,846,1875,0.451,274,733,0.374,589,786,0.749,384,1221,472,207,97,533,649,69.5,106.5,0.419,0.391,0.568,52.7,55.8,8.6,7.3,0.524,19.2,34.6,0.314
Idaho,2024,32,11,21,0.344,-10.86,-4.26,5,13,6,10,4,10,2170,2278,1285,785,1778,0.442,243,726,0.335,357,487,0.733,254,1010,392,179,102,367,567,65.9,102.6,0.274,0.408,0.54,48.2,49.9,8.5,9.6,0.51,15.4,24.1,0.201
IdahoState,2024,34,14,20,0.412,-7.03,-4.65,7,11,8,5,4,13,2397,2383,1385,875,1902,0.46,218,663,0.329,429,625,0.686,337,1093,408,238,121,372,546,64.9,106.7,0.329,0.349,0.545,51.5,46.6,10.6,9.6,0.517,14.5,30.4,0.226
Illinois,2024,33,25,8,0.758,19.79,9.03,14,6,15,3,6,5,2777,2422,1330,966,2057,0.47,276,789,0.35,569,769,0.74,427,1368,428,142,124,357,503,70.6,118.3,0.374,0.384,0.573,55.7,44.3,6,8.1,0.537,12.8,36,0.277
IllinoisState,2024,32,15,17,0.469,-1.22,0.58,9,11,10,6,4,8,2128,2165,1280,743,1752,0.424,194,665,0.292,448,630,0.711,323,1114,400,178,72,360,502,65.3,101.9,0.36,0.38,0.519,51.1,53.8,8.5,6.6,0.479,14.9,29,0.256
Illinois-Chicago,2024,33,12,21,0.364,-1.45,1.46,4,16,6,9,3,10,2319,2361,1345,844,1927,0.438,287,790,0.363,344,500,0.688,271,1110,459,203,176,408,583,68.7,100.4,0.259,0.41,0.536,47.7,54.4,8.8,14.1,0.512,15.9,23.4,0.179
IncarnateWord,2024,31,8,23,0.258,-16.01,-7.53,3,15,5,8,3,14,2240,2436,1250,768,1795,0.428,236,712,0.331,468,644,0.727,333,1133,377,187,128,495,589,71.9,99.6,0.359,0.397,0.533,50.7,49.1,8.3,10.4,0.494,19.1,30.3,0.261
Indiana,2024,33,19,14,0.576,8.03,10.03,10,10,13,5,4,6,2386,2452,1320,879,1848,0.476,166,513,0.324,462,696,0.664,293,1154,504,171,133,400,559,69.4,104.2,0.377,0.278,0.548,50,57.3,7.5,11.2,0.521,15.5,27,0.25
IndianaState,2024,34,28,6,0.824,12.76,0.89,17,3,13,1,9,4,2870,2448,1365,992,1963,0.505,373,970,0.385,513,644,0.797,241,1214,594,209,62,402,558,71.3,117.9,0.328,0.494,0.632,52.9,59.9,8.6,4.5,0.6,15.1,23.4,0.261
Iona,2024,33,16,17,0.485,-4.93,-5.69,10,10,9,5,5,8,2354,2329,1320,857,1984,0.432,271,768,0.353,369,566,0.652,345,1051,473,292,96,336,588,68,104.9,0.285,0.387,0.522,46.9,55.2,13,9.2,0.5,13,28.3,0.186
Iowa,2024,32,18,14,0.563,13.25,9.28,10,10,12,4,4,8,2654,2527,1285,963,2026,0.475,208,600,0.347,520,668,0.778,315,1133,569,222,125,305,541,72.4,114.1,0.33,0.296,0.566,49,59.1,9.5,9.8,0.527,11.5,27.7,0.257
IowaState,2024,34,27,7,0.794,23.02,8.76,13,5,18,0,5,5,2569,2084,1360,923,1992,0.463,222,637,0.349,501,719,0.697,368,1157,536,355,104,363,560,68.2,110.8,0.361,0.32,0.55,50.7,58.1,15.3,10.8,0.519,13.5,31.6,0.252
IUPUI,2024,32,6,26,0.188,-21.09,-4.4,2,18,4,10,2,14,2108,2554,1285,775,1768,0.438,110,444,0.248,448,609,0.736,316,944,332,244,67,468,558,68.8,95.3,0.344,0.251,0.512,47,42.8,11,5.9,0.469,18.5,30.3,0.253
JacksonState,2024,32,15,17,0.469,-11.48,-7.14,11,7,6,2,7,13,2279,2418,1285,799,1923,0.415,211,650,0.325,470,668,0.704,417,1161,384,239,111,428,544,70,101.4,0.347,0.338,0.509,50.7,48.1,10.6,9.9,0.47,16,34.9,0.244
Jacksonville,2024,33,16,17,0.485,-9.52,-4.55,5,11,11,3,4,14,2371,2389,1325,835,1918,0.435,214,650,0.329,485,688,0.705,412,1209,355,255,100,431,648,68.6,104.4,0.359,0.339,0.528,53.3,42.5,11.2,9,0.491,16.1,36.3,0.253
JacksonvilleState,2024,32,14,18,0.438,-3.3,-2.88,6,10,8,7,5,10,2240,2126,1285,803,1778,0.452,170,507,0.335,464,661,0.702,370,1178,354,216,126,433,524,67.1,104,0.372,0.285,0.535,54.5,44.1,10,11.3,0.499,17.1,33.9,0.261
JamesMadison,2024,34,31,3,0.912,8.68,-4.81,15,3,14,1,12,2,2868,2352,1375,1031,2148,0.48,298,817,0.365,508,718,0.708,394,1321,558,306,103,366,584,71.8,116.2,0.334,0.38,0.576,53.5,54.1,12.4,8,0.549,12.8,32.7,0.236
Kansas,2024,32,22,10,0.688,17.63,11.73,10,8,15,1,3,7,2408,2198,1285,898,1839,0.488,180,547,0.329,432,594,0.727,257,1151,602,233,124,371,467,69.7,107.5,0.323,0.297,0.568,51.7,67,10.4,11,0.537,14.9,25.3,0.235
KansasCity,2024,32,16,16,0.5,-4.98,-4.16,10,6,10,3,6,9,2300,2217,1300,813,1903,0.427,269,811,0.332,405,568,0.713,367,1162,411,191,120,385,624,67.3,105.2,0.298,0.426,0.529,52.9,50.6,8.7,11.2,0.498,15.1,32.6,0.213
KansasState,2024,33,19,14,0.576,11.82,10.43,8,10,15,3,2,8,2372,2326,1355,804,1850,0.435,243,760,0.32,521,719,0.725,366,1237,459,194,138,490,576,68.2,102.7,0.389,0.411,0.541,52,57.1,8.4,10.8,0.5,18.3,32.5,0.282
KennesawState,2024,31,15,16,0.484,-7.7,-5.52,6,10,9,5,4,11,2568,2504,1250,908,2035,0.446,292,888,0.329,460,682,0.674,380,1204,460,228,126,374,623,75.4,109,0.335,0.436,0.544,50.1,50.7,9.7,10.7,0.518,13.7,30.7,0.226
KentState,2024,34,17,17,0.5,-0.51,-2.29,8,10,9,6,4,9,2544,2424,1385,890,2016,0.441,282,788,0.358,482,646,0.746,377,1178,436,234,89,403,609,67.7,108.5,0.32,0.391,0.548,51,49,10,7.8,0.511,14.8,31.8,0.239
Kentucky,2024,32,23,9,0.719,17.63,7.88,13,5,14,4,7,3,2862,2550,1295,1029,2071,0.497,318,772,0.412,486,629,0.773,321,1202,562,246,201,341,559,74,119.4,0.304,0.373,0.604,50.6,54.6,10.3,16.1,0.574,12.6,28.9,0.235
LaSalle,2024,33,16,17,0.485,-1.41,1.06,6,12,11,6,3,10,2398,2411,1340,877,2041,0.43,281,811,0.346,363,502,0.723,336,1142,484,209,110,316,550,67.3,106.4,0.246,0.397,0.526,48,55.2,9.3,8.4,0.499,12.2,27.5,0.178
Lafayette,2024,32,11,21,0.344,-10.93,-5.77,10,8,5,10,6,9,2010,2154,1300,744,1823,0.408,227,728,0.312,295,438,0.674,279,1064,421,210,139,372,518,65.3,94.7,0.24,0.399,0.495,47.3,56.6,9.9,12.5,0.47,15.5,24.5,0.162
Lamar,2024,33,19,14,0.576,-5.03,-7.84,12,6,11,3,5,11,2568,2406,1340,912,2025,0.45,248,717,0.346,496,679,0.73,412,1257,544,233,123,426,615,70.5,108.7,0.335,0.354,0.547,52,59.6,9.9,10.7,0.512,15.4,34.4,0.245
LeMoyne,2024,32,15,17,0.469,-10.93,-9.41,9,7,10,3,5,14,2318,2245,1285,823,1906,0.432,315,910,0.346,357,469,0.761,270,1093,503,256,103,367,489,69.2,104.3,0.246,0.477,0.544,47.2,61.1,11.5,9.5,0.514,14.7,23.7,0.187
Lehigh,2024,32,14,18,0.438,-7.27,-6.4,9,9,6,7,8,11,2326,2272,1310,829,1887,0.439,230,714,0.322,438,596,0.735,263,1137,422,231,73,386,532,69.9,101.6,0.316,0.378,0.536,49.7,50.9,10.1,6.2,0.5,15.1,22.8,0.232
Liberty,2024,32,18,14,0.563,1.78,-1.35,7,9,12,3,2,8,2362,2096,1290,863,1848,0.467,324,880,0.368,312,472,0.661,279,1087,508,167,74,334,480,66,111,0.255,0.476,0.57,51.1,58.9,7.8,6.2,0.555,13.9,26.1,0.169
Lindenwood,2024,31,9,22,0.29,-18.42,-6.92,3,15,4,10,3,12,2019,2266,1245,696,1726,0.403,149,527,0.283,478,653,0.732,272,983,249,191,77,373,541,68.1,95.3,0.378,0.305,0.496,46.8,35.8,9,7.4,0.446,15.5,24.5,0.277
Lipscomb,2024,32,20,12,0.625,-1.61,-4.71,11,5,12,2,6,9,2626,2448,1280,960,1946,0.493,297,781,0.38,409,533,0.767,244,1064,465,196,110,321,414,71.2,115.3,0.274,0.401,0.597,48.8,48.4,8.6,8.7,0.57,12.7,23.6,0.21
LittleRock,2024,33,21,12,0.636,-2.95,-8.14,14,4,14,4,6,6,2553,2382,1330,927,1964,0.472,207,607,0.341,492,657,0.749,362,1210,485,198,158,401,583,69.8,110,0.335,0.309,0.561,51.6,52.3,8.5,13,0.525,15,32.1,0.251
LongBeachState,2024,35,21,14,0.6,-0.98,-1.59,10,10,8,5,9,7,2721,2650,1410,969,2167,0.447,191,620,0.308,592,833,0.711,433,1349,539,279,148,442,606,72.7,106.1,0.384,0.286,0.531,52.1,55.6,10.9,12.3,0.491,14.7,33.4,0.273
LongIslandUniversity,2024,29,7,22,0.241,-17.7,-7.43,6,10,5,5,1,17,1929,2227,1170,706,1691,0.418,157,506,0.31,360,532,0.677,272,1014,363,187,88,422,557,71.3,92.5,0.315,0.299,0.496,48,51.4,9,7.8,0.464,17.8,25.4,0.213
Longwood,2024,34,21,13,0.618,-1.47,-5.57,6,10,13,3,6,10,2569,2310,1380,917,2012,0.456,198,577,0.343,537,788,0.681,465,1325,437,240,87,426,623,68.3,109.4,0.392,0.287,0.538,56.7,47.7,10.2,7.8,0.505,15.1,38.7,0.267
Louisiana,2024,33,19,14,0.576,-0.32,-2.38,10,8,11,3,5,9,2504,2365,1320,919,2025,0.454,251,743,0.338,415,569,0.729,371,1133,409,284,124,388,592,70.4,107.8,0.281,0.367,0.545,49.2,44.5,12.2,9.8,0.516,14.5,31.5,0.205
LouisianaState,2024,32,17,15,0.531,8.64,6.99,9,9,12,5,3,7,2443,2390,1285,841,1847,0.455,245,694,0.353,516,718,0.719,335,1145,373,255,121,422,560,70.8,107.4,0.389,0.376,0.558,50.5,44.4,11.2,10.7,0.522,16.2,30.7,0.279
LouisianaTech,2024,32,22,10,0.688,5.06,-1.46,12,4,14,2,8,7,2392,2065,1290,823,1802,0.457,229,633,0.362,517,738,0.701,376,1244,404,240,161,398,500,67.5,109.9,0.41,0.351,0.556,54.2,49.1,11,13.8,0.52,15.6,34.5,0.287
Louisiana-Monroe,2024,30,11,19,0.367,-9.73,-2.12,6,12,8,6,3,12,2096,2233,1205,751,1788,0.42,152,513,0.296,442,665,0.665,396,1133,381,219,66,374,539,69.1,100.7,0.372,0.287,0.498,52,50.7,10.5,7,0.463,15.1,34.8,0.247
Louisville,2024,32,8,24,0.25,0.38,7.45,3,17,7,11,1,10,2304,2530,1285,799,1833,0.436,175,571,0.306,531,712,0.746,318,1100,356,174,83,410,544,70.4,101.8,0.388,0.312,0.531,49.8,44.6,7.7,7.2,0.484,15.9,28.1,0.29
Loyola(IL),2024,32,23,9,0.719,7.07,2.4,15,3,15,2,7,4,2350,2154,1290,832,1838,0.453,268,750,0.357,418,612,0.683,301,1175,539,226,164,411,624,69.4,105,0.333,0.408,0.552,52.2,64.8,10.1,14.2,0.526,16.2,27.7,0.227
Loyola(MD),2024,32,7,25,0.219,-15.94,-6.71,5,13,2,11,5,13,2049,2301,1295,737,1767,0.417,230,685,0.336,345,536,0.644,328,1097,410,189,69,436,518,65.7,96.4,0.303,0.388,0.507,51.1,55.6,8.9,6.1,0.482,17.7,29.5,0.195
LoyolaMarymount,2024,31,12,19,0.387,0.09,0.46,5,11,8,8,3,7,2244,2214,1240,802,1791,0.448,261,710,0.368,379,519,0.73,307,1082,369,114,81,333,504,66.4,109,0.29,0.396,0.551,51.7,46,5.5,6.5,0.521,14,29.7,0.212
Maine,2024,32,15,17,0.469,-6.18,-4.67,7,9,8,4,5,13,2164,2159,1290,801,1831,0.437,173,587,0.295,389,541,0.719,255,1044,397,269,105,365,522,68.1,98.6,0.295,0.321,0.518,48,49.6,12.3,8.7,0.485,14.9,23.4,0.212
Manhattan,2024,30,7,23,0.233,-15.06,-4.65,4,16,3,10,4,12,1985,2275,1215,740,1792,0.413,219,695,0.315,286,396,0.722,275,989,432,226,88,402,417,69.2,94.4,0.221,0.388,0.501,46.5,58.4,10.7,7.3,0.474,16.9,25,0.16
Marist,2024,31,18,13,0.581,-5.38,-7.83,12,8,9,4,8,8,2004,1928,1240,726,1638,0.443,212,596,0.356,340,488,0.697,222,996,381,212,87,378,503,65.5,98.6,0.298,0.364,0.536,49.2,52.5,10.4,8.6,0.508,16.8,23,0.208
Marquette,2024,34,25,9,0.735,19.58,10.99,14,6,14,2,7,5,2662,2370,1365,991,2072,0.478,301,840,0.358,379,530,0.715,298,1115,538,291,110,338,522,69.3,112.6,0.256,0.405,0.573,48,54.3,12.3,9.8,0.551,12.7,26,0.183
Marshall,2024,33,13,20,0.394,-5.12,-1.09,7,11,8,7,3,9,2435,2531,1320,864,2117,0.408,270,870,0.31,437,615,0.711,406,1303,492,230,144,393,530,72.5,101.7,0.291,0.411,0.505,50.3,56.9,9.6,10.7,0.472,14,30.1,0.206
Maryland,2024,33,16,17,0.485,10.86,7.71,7,13,11,6,4,8,2278,2174,1335,766,1854,0.413,201,696,0.289,545,757,0.72,380,1179,360,217,149,387,576,66.3,103,0.408,0.375,0.515,50.7,47,9.8,11.7,0.467,14.9,31.7,0.294
Maryland-BaltimoreCounty,2024,32,11,21,0.344,-8.49,-5.75,6,10,6,9,5,12,2517,2583,1285,955,2049,0.466,255,714,0.357,352,504,0.698,304,1179,417,163,126,418,505,74.7,104.8,0.246,0.348,0.55,48.3,43.7,6.8,9.3,0.528,15.4,25.8,0.172
Maryland-EasternShore,2024,29,9,20,0.31,-17.23,-6.23,4,10,9,4,0,15,1890,2046,1175,668,1664,0.401,168,570,0.295,386,540,0.715,315,1014,312,203,81,399,508,68.3,94.2,0.325,0.343,0.492,48.4,46.7,10.1,7.6,0.452,17.2,29.4,0.232
Massachusetts,2024,31,20,11,0.645,7.82,1.11,11,7,13,3,4,6,2401,2193,1245,858,1904,0.451,209,668,0.313,476,681,0.699,416,1188,483,236,93,345,579,69.2,111.5,0.358,0.351,0.539,53,56.3,11,8.6,0.506,13.4,36.6,0.25
Massachusetts-Lowell,2024,32,22,10,0.688,-1.11,-5.9,11,5,12,3,10,7,2561,2261,1290,913,1924,0.475,186,566,0.329,549,746,0.736,367,1305,406,222,157,425,480,72.6,109.4,0.388,0.294,0.562,55.1,44.5,9.5,11.6,0.523,15.7,33.4,0.285
McNeeseState,2024,33,30,3,0.909,7.16,-7.26,17,1,18,0,11,3,2654,2030,1320,950,1928,0.493,252,649,0.388,502,726,0.691,368,1192,496,343,113,323,572,67.5,119.1,0.377,0.337,0.584,52.6,52.2,15.4,12.4,0.558,12.4,33.7,0.26
Memphis,2024,32,22,10,0.688,9.24,4.49,11,7,13,2,7,6,2576,2424,1290,897,1952,0.46,266,759,0.35,514,709,0.725,383,1185,438,274,145,419,551,72,110.9,0.363,0.389,0.563,50.3,48.8,11.8,12.6,0.528,15.5,33.4,0.263
Mercer,2024,33,16,17,0.485,-4.5,-2.4,8,10,10,6,4,9,2348,2371,1320,880,1961,0.449,210,608,0.345,378,565,0.669,368,1132,434,229,113,367,631,67.5,105.4,0.288,0.31,0.527,49.5,49.3,10.3,9.7,0.502,14.1,31.2,0.193
Merrimack,2024,33,21,12,0.636,-5.11,-8.31,13,3,13,2,7,9,2283,2159,1330,795,1814,0.438,241,779,0.309,452,620,0.729,260,1034,409,325,121,436,532,68.6,100,0.342,0.429,0.541,45.2,51.4,14.2,9.4,0.505,17.1,23.5,0.249
Miami(FL),2024,32,15,17,0.469,9.54,7.42,6,14,11,6,2,9,2424,2356,1285,889,1960,0.454,286,792,0.361,360,483,0.745,324,1174,454,229,100,386,419,69.9,107.9,0.246,0.404,0.554,50.6,51.1,10.2,9.3,0.527,15,28.7,0.184
Miami(OH),2024,32,15,17,0.469,-6.2,-3.84,9,9,9,6,6,10,2259,2241,1285,798,1802,0.443,259,717,0.361,404,572,0.706,257,1063,462,202,99,375,552,68.5,102.6,0.317,0.398,0.545,47.6,57.9,9.2,8.3,0.515,15.3,23.7,0.224
Michigan,2024,32,8,24,0.25,5.59,11.66,3,17,5,10,2,10,2334,2528,1295,829,1869,0.444,255,710,0.359,421,599,0.703,340,1134,400,133,114,414,549,68.9,104.6,0.32,0.38,0.542,50.4,48.3,6,8.5,0.512,16.1,30.6,0.225
MichiganState,2024,33,19,14,0.576,17.9,10.72,10,10,14,4,3,7,2413,2176,1325,896,1945,0.461,211,587,0.359,410,581,0.706,336,1143,538,238,128,323,546,66.4,109.7,0.299,0.302,0.543,50.6,60,10.8,12,0.515,12.7,29.9,0.211
MiddleTennessee,2024,33,14,19,0.424,-7.24,-0.3,7,9,11,6,1,10,2167,2319,1345,741,1843,0.402,241,774,0.311,444,631,0.704,344,1147,329,175,138,462,516,66.8,96.5,0.342,0.42,0.506,49,44.4,7.8,10.2,0.467,17.7,29.1,0.241
Milwaukee,2024,35,20,15,0.571,-4.77,-4.23,12,8,12,4,6,9,2782,2753,1425,980,2198,0.446,277,861,0.322,545,750,0.727,473,1364,498,208,155,439,635,70.9,110.2,0.341,0.392,0.545,52,50.8,8.2,11.4,0.509,14.7,35.9,0.248
Minnesota,2024,32,18,14,0.563,9.91,6.25,9,11,16,4,2,8,2413,2296,1285,855,1810,0.472,256,715,0.358,447,645,0.693,323,1119,555,197,146,383,521,67.7,111,0.356,0.395,0.57,51.5,64.9,9.1,11,0.543,15.3,30.8,0.247
Mississippi,2024,32,20,12,0.625,8.57,7.54,7,11,14,4,4,7,2398,2365,1280,839,1876,0.447,241,660,0.365,479,658,0.728,333,1071,484,251,184,344,522,68.6,109.3,0.351,0.352,0.548,47.5,57.7,11.4,15.2,0.511,13.6,30.3,0.255
MississippiState,2024,34,21,13,0.618,14.92,9.22,8,10,11,4,2,8,2542,2348,1365,897,1973,0.455,245,754,0.325,503,748,0.672,423,1304,478,275,105,440,569,68.9,108.1,0.379,0.382,0.546,54.1,53.3,11.7,9.1,0.517,15.9,35.5,0.255
MississippiValleyState,2024,31,1,30,0.032,-26.15,-3.9,1,17,1,8,0,22,1719,2409,1245,613,1611,0.381,143,489,0.292,350,532,0.658,298,911,271,205,71,495,550,66.2,83.4,0.33,0.304,0.461,45.1,44.2,9.9,6.5,0.425,21,27.9,0.217
Missouri,2024,32,8,24,0.25,3.52,7.55,0,18,6,11,2,10,2309,2438,1285,807,1838,0.439,233,730,0.319,462,583,0.792,293,992,390,245,154,370,642,68.4,105,0.317,0.397,0.546,45.5,48.3,11.1,14.1,0.502,14.9,26.8,0.251
MissouriState,2024,33,17,16,0.515,1.12,1.15,8,12,9,5,4,10,2351,2352,1340,848,1931,0.439,223,711,0.314,432,608,0.711,335,1291,399,142,149,397,504,68.4,102.6,0.315,0.368,0.53,53.3,47.1,6.2,11.8,0.497,15.2,29.1,0.224
Monmouth,2024,33,18,15,0.545,-3,-2.81,10,8,13,1,2,13,2390,2396,1321,860,1998,0.43,252,726,0.347,418,585,0.715,370,1167,432,236,114,345,559,68.1,106.4,0.293,0.363,0.525,48.9,50.2,10.5,10.5,0.493,13.2,30.6,0.209
Montana,2024,34,23,11,0.676,-0.47,-3.66,12,6,13,3,8,7,2625,2433,1365,951,1961,0.485,262,733,0.357,461,581,0.793,282,1155,506,163,99,340,573,67.3,114.2,0.296,0.374,0.587,51.3,53.2,7.1,7.4,0.552,13.2,26.1,0.235
MontanaState,2024,34,17,17,0.5,-4.57,-3.89,9,9,10,7,4,10,2554,2518,1375,911,1954,0.466,306,833,0.367,426,581,0.733,232,1041,445,280,81,396,629,69.9,106.3,0.297,0.426,0.573,46.6,48.8,11.7,6.4,0.545,15.1,20.9,0.218
MoreheadState,2024,34,26,8,0.765,0.7,-6.07,14,4,14,1,9,7,2566,2135,1360,918,1956,0.469,318,882,0.361,412,584,0.705,395,1340,512,199,160,407,540,66.3,113.9,0.299,0.451,0.574,56.4,55.8,8.8,12.2,0.551,15.4,35.5,0.211
MorganState,2024,31,11,20,0.355,-15.88,-5.7,7,7,8,5,3,12,2253,2402,1250,840,1862,0.451,148,505,0.293,425,561,0.758,338,1099,388,192,111,451,594,71.7,100.6,0.301,0.271,0.529,48.7,46.2,8.6,8.6,0.491,17.5,31.2,0.228
MountSt.Mary's,2024,32,13,19,0.406,-6.3,-7.21,9,11,8,5,5,13,2327,2298,1295,876,1852,0.473,217,615,0.353,358,494,0.725,312,1125,423,221,125,465,496,69.3,103.7,0.267,0.332,0.558,52,48.3,9.8,10.1,0.532,18.2,30.2,0.193
MurrayState,2024,32,12,20,0.375,0.56,1.78,9,11,8,8,4,9,2232,2237,1285,821,1841,0.446,209,651,0.321,381,547,0.697,299,1048,369,192,88,304,490,65.5,106.1,0.297,0.354,0.531,49.6,44.9,9.1,8.7,0.503,12.6,27,0.207
Navy,2024,31,13,18,0.419,-11.44,-9.28,8,10,10,5,3,13,2060,2067,1250,716,1809,0.396,181,603,0.3,447,631,0.708,386,1104,376,207,63,317,559,65.4,100.8,0.349,0.333,0.488,49.7,52.5,10.1,6.4,0.446,13.1,32.4,0.247
NCState,2024,36,22,14,0.611,11.57,7.91,9,11,12,5,4,7,2749,2617,1455,986,2193,0.45,254,733,0.347,523,713,0.734,373,1259,462,267,126,344,589,68.8,109.8,0.325,0.334,0.543,49.2,46.9,10.7,9.3,0.508,12,28.6,0.238
Nebraska,2024,33,23,10,0.697,15.12,7.64,12,8,18,1,3,8,2560,2313,1335,885,1958,0.452,312,871,0.358,478,634,0.754,319,1252,506,209,87,367,522,69.3,110.8,0.324,0.445,0.567,50.5,57.2,9,7.2,0.532,14,27.8,0.244
Nevada,2024,33,26,7,0.788,13.38,4.76,13,5,15,2,8,3,2522,2213,1325,856,1802,0.475,220,603,0.365,590,818,0.721,294,1137,498,206,119,330,585,67,113.6,0.454,0.335,0.576,51.3,58.2,9.3,11.1,0.536,13.1,27.7,0.327
Nevada-LasVegas,2024,31,19,12,0.613,8.92,6.34,12,6,12,6,7,3,2270,2103,1260,817,1784,0.458,210,630,0.333,426,588,0.724,328,1064,407,193,143,346,510,66,109.3,0.33,0.353,0.55,50.2,49.8,9.3,13,0.517,14.4,31.4,0.239
NewHampshire,2024,31,16,15,0.516,-6.04,-3.51,7,9,9,5,7,10,2298,2297,1245,801,1934,0.414,275,848,0.324,421,565,0.745,285,1160,365,226,64,372,472,73.3,100.7,0.292,0.438,0.522,49,45.6,9.9,5.4,0.485,14.5,23.7,0.218
NewMexico,2024,35,26,9,0.743,16.02,5.46,10,8,13,3,5,6,2860,2468,1400,1048,2279,0.46,230,688,0.334,534,753,0.709,445,1387,518,308,176,348,616,72.5,112.6,0.33,0.302,0.542,52.9,49.4,12.1,13.4,0.51,11.7,33.3,0.234
NewMexicoState,2024,32,13,19,0.406,-8.32,1.04,7,9,12,3,1,13,2166,2318,1295,771,1822,0.423,206,626,0.329,418,617,0.677,286,1079,359,195,98,382,636,68.6,97.5,0.339,0.344,0.512,48.9,46.6,8.8,9.4,0.48,15.3,26,0.229
NewOrleans,2024,33,10,23,0.303,-16.33,-5.44,4,14,7,6,2,15,2427,2622,1326,846,2023,0.418,179,589,0.304,556,772,0.72,377,1139,391,254,118,407,629,73.2,100.1,0.382,0.291,0.508,46.4,46.2,10.5,8.6,0.462,14.6,29.3,0.275
Niagara,2024,32,16,16,0.5,-8.14,-6.95,11,9,5,9,10,6,2319,2307,1295,822,1749,0.47,199,550,0.362,476,633,0.752,235,975,409,180,70,378,480,67.9,105.5,0.362,0.314,0.566,49.2,49.8,8.2,5.3,0.527,15.6,24,0.272
NichollsState,2024,34,20,14,0.588,-6.65,-4.88,13,5,10,2,8,10,2512,2514,1405,849,1909,0.445,284,778,0.365,530,731,0.725,325,1199,387,229,140,450,636,67.8,105.5,0.383,0.408,0.557,48.9,45.6,9.6,10.8,0.519,16.6,27.7,0.278
NJIT,2024,28,7,21,0.25,-14.49,-4.3,3,13,5,8,2,13,1902,2101,1120,663,1681,0.394,201,666,0.302,375,529,0.709,321,972,294,201,92,311,535,68.6,99,0.315,0.396,0.492,47.9,44.3,10.5,8.9,0.454,13.9,29.9,0.223
NorfolkState,2024,33,22,11,0.667,-6.25,-7.6,11,3,13,0,6,8,2452,2231,1325,849,1861,0.456,208,618,0.337,546,755,0.723,363,1131,407,289,105,405,624,68.4,108.2,0.406,0.332,0.552,50.8,47.9,12.7,10.9,0.512,15.4,32.6,0.293
NorthAlabama,2024,32,15,17,0.469,-6.77,-4.61,8,8,10,4,5,13,2447,2435,1306,857,1931,0.444,246,679,0.362,487,634,0.768,317,1132,359,171,101,324,589,68.9,109.2,0.328,0.352,0.548,49.9,41.9,7.6,8.3,0.508,12.7,27.8,0.252
NorthCarolina,2024,34,27,7,0.794,21,9.76,17,3,14,1,8,2,2770,2388,1365,955,2125,0.449,270,763,0.354,590,783,0.754,412,1399,493,197,139,351,566,71.4,113.6,0.368,0.359,0.555,55,51.6,8.1,10.4,0.513,12.3,32.8,0.278
NorthCarolinaA&T,2024,32,7,25,0.219,-16.15,-3.78,5,13,4,7,2,14,2098,2494,1280,726,1873,0.388,192,669,0.287,454,637,0.713,300,1020,326,180,104,300,488,68,96.4,0.34,0.357,0.482,43.9,44.9,8.3,8.6,0.439,12.1,24.3,0.242
NorthCarolinaCentral,2024,31,18,13,0.581,-7.7,-8.66,9,5,11,2,6,9,2375,2139,1250,823,1812,0.454,233,681,0.342,496,714,0.695,349,1097,398,237,83,372,552,69.2,109.9,0.394,0.376,0.552,50,48.4,11,7.4,0.518,14.7,32.2,0.274
NorthDakota,2024,32,18,14,0.563,-5.91,-5.77,10,6,9,5,7,8,2408,2300,1285,858,1934,0.444,264,809,0.326,428,600,0.713,366,1171,371,202,96,324,485,67.9,110.4,0.31,0.418,0.543,52.1,43.2,9.3,7.8,0.512,12.7,31.4,0.221
NorthDakotaState,2024,32,15,17,0.469,-7.24,-2.83,8,8,10,4,5,11,2388,2366,1315,873,1834,0.476,252,667,0.378,390,543,0.718,271,1097,370,139,43,355,468,66.6,109.1,0.296,0.364,0.571,51.7,42.4,6.4,3.4,0.545,14.5,26,0.213
NorthFlorida,2024,32,16,16,0.5,-6.63,-4.53,9,7,11,5,5,11,2496,2427,1295,849,1917,0.443,383,1063,0.36,415,542,0.766,284,1076,398,179,116,362,517,69.4,111.1,0.283,0.555,0.574,48.5,46.9,8,8.6,0.543,14.3,25.5,0.216
NorthTexas,2024,32,18,14,0.563,8.8,4.17,10,8,11,4,5,5,2211,2020,1290,775,1785,0.434,265,702,0.377,396,536,0.739,364,1111,351,223,97,358,549,63.1,108.7,0.3,0.393,0.542,51.6,45.3,11,9.1,0.508,14.9,34,0.222
Northeastern,2024,32,12,20,0.375,-5.92,-2.98,7,11,7,5,4,13,2221,2315,1280,810,1780,0.455,204,642,0.318,397,531,0.748,326,1062,435,200,107,398,485,65.8,105.5,0.298,0.361,0.546,52,53.7,9.5,9.8,0.512,16.4,31.8,0.223
NorthernArizona,2024,33,14,19,0.424,-11.85,-3.85,7,11,7,5,6,12,2265,2529,1330,825,1883,0.438,207,663,0.312,408,586,0.696,274,1034,444,187,102,416,605,69,98.7,0.311,0.352,0.524,46.1,53.8,8.1,8.1,0.493,16.1,24.1,0.217
NorthernColorado,2024,32,19,13,0.594,-3.99,-4.89,12,6,11,3,7,8,2568,2491,1320,950,1939,0.49,252,707,0.356,416,571,0.729,262,1112,475,200,78,356,537,70,111.2,0.294,0.365,0.581,50.4,50,8.7,6.7,0.555,13.9,24.5,0.215
NorthernIllinois,2024,31,11,20,0.355,-8.96,-1.17,5,13,5,9,5,11,2269,2399,1255,800,1802,0.444,227,696,0.326,442,658,0.672,320,1111,317,164,153,394,539,69.7,103.7,0.365,0.386,0.537,49.3,39.6,7.5,12.6,0.507,15.7,29,0.245
NorthernIowa,2024,33,19,14,0.576,3.96,2.99,12,8,11,3,6,8,2417,2346,1330,843,1849,0.456,238,690,0.345,493,697,0.707,265,1117,414,206,85,340,547,67.7,107.3,0.377,0.373,0.554,50.6,49.1,9.1,7.8,0.52,13.5,23.9,0.267
NorthernKentucky,2024,33,18,15,0.545,-3.39,-3.46,12,8,12,3,6,11,2470,2416,1340,882,1935,0.456,209,656,0.319,497,691,0.719,347,1141,456,284,86,407,543,69.7,105.8,0.357,0.339,0.546,49,51.7,12.2,7.5,0.51,15.2,29.9,0.257
Northwestern,2024,32,21,11,0.656,12.75,8.06,12,8,15,2,4,7,2358,2208,1300,841,1832,0.459,266,675,0.394,410,548,0.748,269,997,502,222,105,280,568,64.7,112.2,0.299,0.368,0.563,48.3,59.7,10.6,9.9,0.532,11.8,25.6,0.224
NorthwesternState,2024,32,9,23,0.281,-13.97,-5.87,7,11,6,7,3,13,2257,2429,1300,808,1872,0.432,204,643,0.317,437,663,0.659,365,1107,368,223,105,425,598,69.3,100.2,0.354,0.343,0.516,47.7,45.5,9.9,9,0.486,16.3,30.7,0.233
NotreDame,2024,33,13,20,0.394,4.94,8.06,7,13,9,8,2,10,2113,2216,1335,742,1824,0.407,251,790,0.318,378,508,0.744,324,1185,335,189,80,413,497,64.8,97.6,0.279,0.433,0.512,51.2,45.1,8.7,6.6,0.476,16.7,28.4,0.207
Oakland,2024,34,23,11,0.676,1.6,-1.9,15,5,10,3,9,7,2598,2479,1380,915,2035,0.45,291,829,0.351,477,629,0.758,358,1218,493,228,96,382,513,68.2,110.4,0.309,0.407,0.557,51.2,53.9,9.7,7.9,0.521,14.1,30.5,0.234
Ohio,2024,33,20,13,0.606,0.73,-4.33,13,5,12,3,5,7,2551,2309,1335,901,1987,0.453,294,827,0.356,455,623,0.73,333,1153,464,235,118,321,562,68.3,111.9,0.314,0.416,0.559,49,51.5,10.3,9.9,0.527,12.3,28.8,0.229
OhioState,2024,33,20,13,0.606,14.11,8.68,9,11,13,4,2,8,2472,2293,1336,870,1922,0.453,232,673,0.345,500,653,0.766,354,1207,450,184,152,349,567,66.6,111.2,0.34,0.35,0.554,51.7,51.7,8.3,11.7,0.513,13.5,31.4,0.26
Oklahoma,2024,32,20,12,0.625,15.16,8.57,8,10,14,4,3,6,2412,2201,1290,835,1797,0.465,239,692,0.345,503,677,0.743,310,1126,427,189,104,399,515,68.4,109.4,0.377,0.385,0.569,52.7,51.1,8.6,8.7,0.531,15.8,30.1,0.28
OklahomaState,2024,32,12,20,0.375,6.8,8.52,4,14,10,8,1,9,2272,2327,1295,793,1799,0.441,260,778,0.334,426,611,0.697,294,1078,428,200,92,413,511,68,103.2,0.34,0.432,0.544,49.8,54,9.1,7.3,0.513,16.5,27.5,0.237
OldDominion,2024,32,7,25,0.219,-8.02,-1.25,3,15,5,10,1,12,2268,2464,1290,841,2001,0.42,221,694,0.318,365,551,0.662,320,1134,330,251,123,349,581,71.2,98.8,0.275,0.347,0.501,46.7,39.2,10.9,11.2,0.476,13.4,25.5,0.182
Omaha,2024,33,15,18,0.455,-6.98,-4.67,7,9,11,3,2,13,2441,2404,1330,845,1873,0.451,206,631,0.326,545,734,0.743,282,1111,336,200,73,326,552,68,108,0.392,0.337,0.549,49.9,39.8,8.8,6.9,0.506,12.8,25,0.291
OralRoberts,2024,31,12,19,0.387,-7.09,-2.26,5,11,9,5,2,13,2275,2334,1250,812,1846,0.44,285,790,0.361,366,493,0.742,235,1022,341,175,106,300,534,68.6,106.2,0.267,0.428,0.547,46.2,42,8.2,9.1,0.517,12.6,21.8,0.198
Oregon,2024,34,23,11,0.676,12.26,8.79,12,8,13,3,6,5,2561,2443,1363,923,2021,0.457,249,741,0.336,466,652,0.715,338,1163,468,246,121,347,562,68.6,109.4,0.323,0.367,0.549,50.3,50.7,10.5,9.8,0.518,13,28.7,0.231
OregonState,2024,32,13,19,0.406,3.54,8.64,5,15,12,6,1,9,2204,2326,1310,772,1745,0.442,196,597,0.328,464,630,0.737,275,1041,355,192,119,395,593,66.2,101.7,0.361,0.342,0.539,48.8,46,8.9,10.5,0.499,16.2,26.8,0.266
Pacific,2024,32,6,26,0.188,-17.19,0.08,0,16,5,12,1,13,2071,2553,1290,725,1762,0.411,203,643,0.316,418,650,0.643,209,875,422,195,64,377,551,69.3,92.7,0.369,0.365,0.5,41.9,58.2,8.7,5.7,0.469,15.4,19,0.237
PennState,2024,33,16,17,0.485,9.45,7.76,9,11,13,4,2,8,2478,2422,1330,854,1951,0.438,255,764,0.334,515,689,0.747,316,1065,417,275,112,366,603,70.2,106.1,0.353,0.392,0.544,46.6,48.8,11.8,8.8,0.503,13.8,26.8,0.264
Pennsylvania,2024,29,11,18,0.379,-3.07,0.53,3,11,9,6,2,10,2159,2157,1180,781,1721,0.454,275,750,0.367,322,468,0.688,303,1042,428,173,67,323,431,66.5,110.1,0.272,0.436,0.555,51.7,54.8,8.8,6.9,0.534,14.3,30,0.187
Pepperdine,2024,33,13,20,0.394,-1.93,0.91,5,11,9,8,3,8,2403,2443,1320,868,1924,0.451,225,624,0.361,442,628,0.704,334,1115,438,169,90,370,537,68.4,106.4,0.326,0.324,0.541,50.8,50.5,7.5,7.1,0.51,14.3,29.1,0.23
Pittsburgh,2024,33,22,11,0.667,14.81,6.84,12,8,13,5,7,4,2495,2232,1320,873,1999,0.437,317,887,0.357,432,610,0.708,376,1223,452,208,147,297,510,67,112.9,0.305,0.444,0.545,52.6,51.8,9.4,13,0.516,11.5,31,0.216
Portland,2024,33,12,21,0.364,-8,1.75,5,11,9,6,2,11,2360,2622,1325,826,1891,0.437,292,842,0.347,416,581,0.716,276,1112,446,136,72,394,490,69,103.3,0.307,0.445,0.545,48.2,54,6,6.2,0.514,15.4,24.1,0.22
PortlandState,2024,32,17,15,0.531,-6.69,-4.48,8,10,11,2,5,11,2302,2299,1289,809,1949,0.415,237,730,0.325,447,652,0.686,375,1181,379,226,107,361,579,69.4,102.8,0.335,0.375,0.51,50,46.8,10.1,9.4,0.476,13.8,30.2,0.229
PrairieView,2024,31,10,21,0.323,-15.39,-6.91,5,13,5,6,4,15,2176,2368,1240,770,1831,0.421,149,489,0.305,487,675,0.721,303,952,373,283,87,396,626,72.8,96.4,0.369,0.267,0.506,45.2,48.4,12.5,7.6,0.461,15.5,26.9,0.266
Presbyterian,2024,32,14,18,0.438,-8.02,-5.47,6,10,8,7,5,9,2390,2331,1285,866,1831,0.473,204,605,0.337,454,682,0.666,300,1064,416,219,104,367,600,69,107.9,0.372,0.33,0.555,49.8,48,9.9,9.2,0.529,14.6,27.6,0.248
Princeton,2024,28,24,4,0.857,6.93,-1.8,12,2,12,0,11,3,2158,1848,1120,746,1627,0.459,292,817,0.357,374,462,0.81,237,943,407,160,53,229,378,65.6,117.5,0.284,0.502,0.584,51.4,54.6,8.7,5.6,0.548,11,26,0.23
Providence,2024,34,21,13,0.618,12.71,8.82,10,10,14,4,4,7,2477,2345,1375,870,1959,0.444,284,867,0.328,453,630,0.719,314,1226,469,219,156,412,539,68.6,105,0.322,0.443,0.548,50.6,53.9,9.3,11.7,0.517,15.4,27.1,0.231
Purdue,2024,33,29,4,0.879,24.78,11.54,17,3,16,0,7,3,2752,2315,1335,941,1927,0.488,275,674,0.408,595,825,0.721,401,1332,607,187,125,379,474,69,119.6,0.428,0.35,0.593,57.7,64.5,8.1,9.6,0.56,14,37.4,0.309
PurdueFortWayne,2024,33,21,12,0.636,-0.18,-6.22,11,9,11,5,8,7,2669,2355,1330,961,2041,0.471,314,865,0.363,433,620,0.698,274,1066,449,308,104,339,569,72.3,111,0.304,0.424,0.571,46.5,46.7,12.8,8.7,0.548,12.7,23.4,0.212
Queens(NC),2024,33,14,19,0.424,-8.48,-3.22,7,9,11,3,2,16,2643,2693,1320,928,2095,0.443,294,864,0.34,493,694,0.71,372,1220,435,230,91,377,573,73.6,108.7,0.331,0.412,0.545,49.6,46.9,9.5,7,0.513,13.5,29.2,0.235
Quinnipiac,2024,33,24,9,0.727,-2.75,-7.15,15,5,13,3,10,5,2567,2358,1325,914,2025,0.451,247,700,0.353,492,631,0.78,354,1216,465,250,122,407,539,71.9,107.8,0.312,0.346,0.552,52.4,50.9,10.5,9.6,0.512,14.9,31.4,0.243
Radford,2024,33,16,17,0.485,-5.47,-3.28,5,11,8,5,4,12,2377,2361,1335,871,1907,0.457,238,655,0.363,397,537,0.739,339,1143,366,183,116,357,561,65.3,109.1,0.282,0.343,0.55,49.7,42,8.4,10,0.519,14.2,30.9,0.208
RhodeIsland,2024,32,12,20,0.375,-2.06,3.07,6,12,9,8,3,8,2322,2443,1280,826,1800,0.459,209,599,0.349,461,713,0.647,332,1178,408,151,99,403,541,69,105.2,0.396,0.333,0.543,51.7,49.4,6.8,8.3,0.517,15.9,30,0.256
Rice,2024,32,11,21,0.344,-2.92,2.28,5,13,6,10,5,7,2304,2421,1295,833,1880,0.443,251,744,0.337,387,557,0.695,330,1134,461,178,117,372,463,67.5,105.4,0.296,0.396,0.537,49.9,55.3,8.1,9.8,0.51,14.8,29.1,0.206
Richmond,2024,32,23,9,0.719,8.27,2.02,15,3,15,1,7,5,2314,2114,1285,851,1828,0.466,236,646,0.365,376,513,0.733,179,1052,424,217,94,277,451,67.6,106.6,0.281,0.353,0.558,47,49.8,10,8.5,0.53,11.8,17,0.206
Rider,2024,32,15,17,0.469,-5.45,-4,12,8,9,4,6,12,2309,2308,1295,836,1921,0.435,182,540,0.337,455,608,0.748,362,1202,427,210,124,398,560,69.1,103.2,0.317,0.281,0.522,51.9,51.1,9.4,10.7,0.483,15.3,31.9,0.237
RobertMorris,2024,32,10,22,0.313,-9.32,-4.06,6,14,7,9,3,13,2326,2425,1300,833,1927,0.432,273,812,0.336,387,540,0.717,391,1159,431,157,92,443,564,68.7,104.1,0.28,0.421,0.533,52,51.7,7,7.5,0.503,16.9,33.8,0.201
Rutgers,2024,32,15,17,0.469,7.67,8.83,7,13,12,5,3,9,2092,2129,1285,750,1927,0.389,175,610,0.287,417,634,0.658,392,1188,377,247,167,365,541,68.6,95,0.329,0.317,0.469,48.4,50.3,11.2,15.3,0.435,14.1,30.2,0.216
SacramentoState,2024,34,10,24,0.294,-10.37,-3.21,4,14,6,8,2,13,2282,2394,1360,798,1855,0.43,258,780,0.331,428,598,0.716,399,1209,444,178,93,495,577,65.5,102.4,0.322,0.42,0.533,55,55.6,8,8.2,0.5,18.8,35.4,0.231
SacredHeart,2024,32,16,16,0.5,-9.8,-9.34,10,6,11,5,4,11,2372,2313,1280,864,1898,0.455,237,650,0.365,407,586,0.695,300,1079,440,279,161,373,540,70.3,105.4,0.309,0.342,0.545,47.6,50.9,12.4,14.4,0.518,14.6,27.1,0.214
SaintFrancis(PA),2024,30,8,22,0.267,-18.47,-8.01,3,13,6,8,2,14,1955,2181,1205,713,1682,0.424,193,576,0.335,336,551,0.61,357,1038,367,178,107,412,532,66.7,97.3,0.328,0.342,0.503,50.3,51.5,8.9,10.2,0.481,17.5,33.3,0.2
SaintJoseph's,2024,34,21,13,0.618,6.78,1.63,9,9,14,3,3,9,2569,2394,1365,898,2015,0.446,341,958,0.356,432,595,0.726,344,1218,495,237,128,385,522,68.6,109.7,0.295,0.475,0.559,50.6,55.1,10.1,11,0.53,14.4,29.4,0.214
SaintLouis,2024,33,13,20,0.394,-1.38,4.34,5,13,8,8,3,9,2473,2620,1320,845,1873,0.451,259,705,0.367,524,699,0.75,287,1107,426,200,101,388,596,69.8,107.4,0.373,0.376,0.561,48.9,50.4,8.7,8.9,0.52,15,25.9,0.28
SaintMary's(CA),2024,33,26,7,0.788,16.96,3.43,15,1,14,4,9,0,2450,1938,1330,910,1940,0.469,251,708,0.355,379,559,0.678,434,1305,534,216,129,334,535,63.5,116,0.288,0.365,0.555,59,58.7,10.2,10.5,0.534,13.2,39.7,0.195
SaintPeter's,2024,32,19,13,0.594,-4.12,-6,12,8,8,5,8,8,2091,2030,1285,704,1775,0.397,188,566,0.332,495,694,0.713,403,1140,347,231,136,408,618,65.4,99.5,0.391,0.319,0.497,51.8,49.3,11,12.6,0.45,16.2,35.1,0.279
SamHouston,2024,33,21,12,0.636,-0.14,-1.49,13,3,12,2,7,9,2381,2282,1330,828,1948,0.425,245,697,0.352,480,663,0.724,393,1255,425,226,75,435,596,69.4,103.2,0.34,0.358,0.526,52.6,51.3,9.8,6.6,0.488,16.1,32.5,0.246
Samford,2024,34,29,5,0.853,6.26,-3.71,15,3,18,0,8,5,2923,2514,1360,1024,2079,0.493,335,852,0.393,540,742,0.728,357,1217,596,340,130,448,647,74.3,115.8,0.357,0.41,0.601,50.1,58.2,13.5,10.8,0.573,15.6,30.7,0.26
SanDiego,2024,33,18,15,0.545,-5.08,0.57,7,9,12,6,4,7,2392,2550,1320,849,1978,0.429,233,677,0.344,461,633,0.728,331,1128,432,239,126,437,628,72,100.7,0.32,0.342,0.525,47.7,50.9,10.1,10.8,0.488,16.1,27.5,0.233
SanDiegoState,2024,34,24,10,0.706,15.31,8.47,11,7,14,1,6,8,2536,2263,1385,880,1999,0.44,236,755,0.313,540,737,0.733,399,1295,446,248,137,376,596,67.2,109,0.369,0.378,0.54,53.2,50.7,10.7,12,0.499,13.8,33.3,0.27
SanFrancisco,2024,33,23,10,0.697,9.7,-0.08,11,5,14,2,6,5,2571,2189,1325,967,1978,0.489,284,803,0.354,353,466,0.758,311,1119,534,272,114,379,608,68.5,113.3,0.236,0.406,0.584,53.1,55.2,12,10.5,0.561,14.7,29.7,0.178
SanJoseState,2024,32,9,23,0.281,-3.35,3.74,2,16,6,9,1,12,2228,2403,1290,832,1856,0.448,267,778,0.343,297,423,0.702,252,986,433,165,106,336,547,66.4,104,0.228,0.419,0.542,46.2,52,7.7,9.1,0.52,14,23.1,0.16
SantaClara,2024,33,20,13,0.606,5.62,1.96,10,6,11,4,5,6,2538,2384,1325,912,1984,0.46,271,766,0.354,443,620,0.715,397,1296,497,158,89,422,584,69.8,109.8,0.313,0.386,0.557,54.9,54.5,6.8,7.1,0.528,15.6,34.6,0.223
Seattle,2024,33,19,14,0.576,3.36,-1.33,11,9,14,4,4,9,2428,2223,1350,853,1915,0.445,252,731,0.345,470,643,0.731,329,1212,438,185,99,421,627,68.6,104.9,0.336,0.382,0.547,52.6,51.3,8,7.9,0.511,15.9,29.4,0.245
SetonHall,2024,32,20,12,0.625,11.36,8.74,13,7,14,3,5,7,2329,2245,1295,837,1869,0.448,186,569,0.327,469,607,0.773,395,1192,402,238,147,408,497,67.1,107.3,0.325,0.304,0.54,53.5,48,11,13.6,0.498,15.9,35.9,0.251
Siena,2024,32,4,28,0.125,-18.93,-4.93,3,17,2,12,2,13,1934,2382,1280,702,1758,0.399,169,603,0.28,361,541,0.667,375,1132,342,164,130,505,491,67.1,90,0.308,0.343,0.48,50.7,48.7,7.6,10.3,0.447,20,33.2,0.205
SouthAlabama,2024,32,16,16,0.5,-5.64,-3.09,8,10,11,6,5,9,2367,2421,1300,835,1886,0.443,239,692,0.345,458,611,0.75,254,1057,341,216,88,362,532,70.2,103.8,0.324,0.367,0.544,46.1,40.8,9.5,7,0.506,14.3,22.6,0.243
SouthCarolina,2024,33,26,7,0.788,11.55,6.49,13,5,14,3,8,3,2377,2210,1330,840,1914,0.439,263,785,0.335,434,608,0.714,379,1184,507,159,105,333,528,64.7,110.4,0.318,0.41,0.54,52.3,60.4,7.4,8.2,0.508,13.1,33.1,0.227
SouthCarolinaState,2024,32,14,18,0.438,-11.74,-6.07,9,5,9,4,5,13,2245,2390,1290,784,1914,0.41,200,620,0.323,477,692,0.689,477,1203,435,267,111,487,666,70.3,99,0.362,0.324,0.501,52.8,55.5,11.8,10.3,0.462,17.8,38.7,0.249
SouthCarolinaUpstate,2024,30,10,20,0.333,-9.11,-2.77,5,11,6,7,4,12,2130,2188,1215,780,1753,0.445,230,691,0.333,340,530,0.642,262,950,375,217,96,346,589,68.4,102.4,0.302,0.394,0.531,45.5,48.1,10.4,9.1,0.511,14.7,24.6,0.194
SouthDakota,2024,32,12,20,0.375,-12.22,-5.08,5,11,9,6,2,12,2434,2535,1300,875,1916,0.457,251,669,0.375,433,583,0.743,334,1198,391,115,56,411,511,69.8,107.3,0.304,0.349,0.555,52.1,44.7,5.1,4.4,0.522,15.8,30.2,0.226
SouthDakotaState,2024,34,22,12,0.647,0.72,-3.16,12,4,11,3,6,5,2610,2408,1370,954,1976,0.483,290,799,0.363,412,582,0.708,282,1212,435,209,110,380,488,68.7,111,0.295,0.404,0.579,51.4,45.6,8.9,10.3,0.556,14.4,25.1,0.209
SouthFlorida,2024,31,24,7,0.774,7.39,0.62,16,2,15,2,7,4,2351,2141,1240,788,1791,0.44,278,760,0.366,497,676,0.735,309,1117,467,219,110,330,535,69,109.9,0.377,0.424,0.557,49.4,59.3,10.2,9.8,0.518,13.5,28.2,0.277
SoutheastMissouriState,2024,31,9,22,0.29,-18,-6.3,4,14,8,7,1,14,2078,2278,1245,764,1848,0.413,192,631,0.304,358,512,0.699,279,984,383,178,78,371,606,70.4,94.8,0.277,0.341,0.497,46.8,50.1,8.1,6.4,0.465,15.1,24.8,0.194
SoutheasternLouisiana,2024,32,15,17,0.469,-10.87,-5.7,10,8,9,4,6,10,2209,2271,1290,764,1769,0.432,235,677,0.347,446,613,0.728,343,1120,463,222,73,442,523,66.9,102.3,0.347,0.383,0.536,51,60.6,10.3,7.1,0.498,17.7,31.8,0.252
Southern,2024,32,18,14,0.563,-8.66,-6.01,12,6,11,2,7,11,2275,2198,1290,807,1829,0.441,221,684,0.323,440,653,0.674,312,1020,440,291,105,456,631,70.7,99.8,0.357,0.374,0.532,48.9,54.5,12.8,9.8,0.502,17.6,28.8,0.241
SouthernCalifornia,2024,33,15,18,0.455,9.59,9.77,8,12,9,6,3,9,2446,2452,1340,872,1932,0.451,252,709,0.355,450,649,0.693,331,1123,515,247,172,418,560,69.7,104.8,0.336,0.367,0.546,48.6,59.1,10.6,14.2,0.517,15.7,29,0.233
SouthernIllinois,2024,32,19,13,0.594,4.25,0.67,11,9,13,5,5,6,2325,2183,1300,791,1746,0.453,264,761,0.347,479,629,0.762,270,1055,456,175,98,356,579,65.4,109.3,0.36,0.436,0.569,50.8,57.6,8.2,8.1,0.529,14.8,26.3,0.274
SIUEdwardsville,2024,33,17,16,0.515,-8.81,-7.27,9,9,12,2,2,13,2360,2314,1320,832,1965,0.423,239,720,0.332,457,631,0.724,375,1175,374,226,137,352,550,67.7,105.6,0.321,0.366,0.521,50.5,45,10.1,12,0.484,13.5,31.1,0.233
SouthernIndiana,2024,32,8,24,0.25,-13.44,-5.4,5,13,5,10,3,13,2195,2335,1285,737,1811,0.407,215,664,0.324,506,679,0.745,319,1139,362,204,94,423,672,69.7,98.1,0.375,0.367,0.514,49.7,49.1,9.1,8.4,0.466,16.5,27.6,0.279
SouthernMethodist,2024,32,20,12,0.625,10.69,2.5,11,7,14,3,5,7,2443,2170,1285,903,2024,0.446,241,713,0.338,396,579,0.684,468,1283,506,271,157,362,537,68.5,111.1,0.286,0.352,0.531,53.6,56,12.3,13.2,0.506,13.6,38.7,0.196
SouthernMississippi,2024,32,16,16,0.5,-5.64,-2.64,9,9,11,3,5,9,2236,2273,1280,775,1826,0.424,201,614,0.327,485,693,0.7,343,1177,376,229,154,411,550,69.5,100.6,0.38,0.336,0.519,50.1,48.5,10.3,12.6,0.479,16,29.4,0.266
SouthernUtah,2024,31,10,21,0.323,-5.71,-1.16,5,15,6,8,3,13,2326,2406,1245,820,1861,0.441,195,649,0.3,491,674,0.728,322,1049,375,202,92,373,548,71.4,104.6,0.362,0.349,0.533,47.5,45.7,9.1,6.7,0.493,14.6,28.5,0.264
St.Bonaventure,2024,33,20,13,0.606,7.04,2.22,9,9,11,4,5,6,2424,2265,1335,853,1872,0.456,251,687,0.365,467,603,0.774,320,1087,412,218,128,358,553,66,110,0.322,0.367,0.562,50.6,48.3,9.9,12,0.523,14.2,29.7,0.249
St.John's(NY),2024,33,20,13,0.606,16.29,9.38,11,9,13,5,5,6,2602,2374,1320,970,2139,0.453,237,696,0.341,425,584,0.728,476,1279,518,232,180,360,593,69.6,113.3,0.273,0.325,0.538,53.6,53.4,10.1,14.7,0.509,13,38.6,0.199
St.Thomas,2024,33,20,13,0.606,-0.62,-5.42,9,7,12,2,6,9,2402,2140,1325,859,1824,0.471,299,829,0.361,385,528,0.729,255,1027,451,204,71,303,520,63.9,113.4,0.289,0.454,0.579,50,52.5,9.6,6.7,0.553,12.7,24.9,0.211
Stanford,2024,32,14,18,0.438,7.65,7.77,8,12,10,6,3,8,2443,2447,1300,882,1886,0.468,286,774,0.37,393,540,0.728,248,1097,515,176,99,410,490,70.9,106.1,0.286,0.41,0.57,49,58.4,7.6,7.9,0.543,16.1,23.2,0.208
StephenF.Austin,2024,33,18,15,0.545,-0.93,-1.74,10,10,10,5,5,8,2463,2353,1345,849,1890,0.449,203,607,0.334,562,796,0.706,393,1184,422,295,93,530,697,71.5,102.4,0.421,0.321,0.543,52.2,49.7,12.3,8.3,0.503,18.9,34.4,0.297
Stetson,2024,34,22,12,0.647,-4.51,-3.86,11,5,14,2,6,10,2635,2475,1365,933,1998,0.467,310,837,0.37,459,599,0.766,329,1186,459,181,104,355,504,67.4,114.5,0.3,0.419,0.577,50.4,49.2,7.9,8,0.545,13.5,29.3,0.23
Stonehill,2024,31,4,27,0.129,-20.01,-6.01,2,14,4,8,0,19,1967,2360,1245,714,1788,0.399,253,834,0.303,286,415,0.689,257,1020,366,198,77,421,477,69.2,91.4,0.232,0.466,0.495,45.7,51.3,9.2,7.6,0.47,17.5,22.9,0.16
StonyBrook,2024,35,20,15,0.571,-2.44,-2.47,10,8,13,3,4,11,2573,2531,1430,921,2101,0.438,277,775,0.357,454,614,0.739,336,1280,424,211,113,359,532,67.5,106.6,0.292,0.369,0.538,49.6,46,8.7,9.1,0.504,13,26.9,0.216
Syracuse,2024,32,20,12,0.625,8.32,9.19,11,9,14,2,4,7,2442,2420,1280,883,1915,0.461,219,651,0.336,457,634,0.721,277,1064,442,290,129,364,493,72.1,105.9,0.331,0.34,0.551,46.9,50.1,12.6,10.5,0.518,14.1,24.7,0.239
TarletonState,2024,32,23,9,0.719,0.79,-0.55,16,4,11,3,10,5,2353,2199,1285,863,1901,0.454,180,553,0.325,447,590,0.758,348,1080,427,284,115,366,570,68.1,107.6,0.31,0.291,0.539,49.2,49.5,13,10.2,0.501,14.4,31.5,0.235
TCU,2024,33,21,12,0.636,15.67,7.67,9,9,12,4,6,5,2615,2351,1340,940,2022,0.465,217,610,0.356,518,710,0.73,412,1222,562,299,124,424,580,70.6,110.6,0.351,0.302,0.554,53.2,59.8,12.6,10.2,0.519,15.2,35.5,0.256
Temple,2024,35,16,19,0.457,-0.69,1.87,5,13,5,9,5,7,2482,2539,1430,851,2153,0.395,291,910,0.32,489,692,0.707,395,1267,385,259,99,343,592,67.9,102.3,0.321,0.423,0.5,48.2,45.2,10.7,8,0.463,12.1,28.3,0.227
Tennessee,2024,32,24,8,0.75,21.8,10.2,14,4,14,2,8,3,2543,2172,1280,878,1976,0.444,279,816,0.342,508,678,0.749,374,1242,537,254,149,329,558,70.6,112.5,0.343,0.413,0.553,52.4,61.2,11.2,13.6,0.515,12.5,32.4,0.257
TennesseeState,2024,33,18,15,0.545,-9.41,-7.41,10,8,11,3,5,10,2400,2343,1325,832,1881,0.442,217,667,0.325,519,687,0.755,327,1144,396,220,116,436,644,69.8,103.8,0.365,0.355,0.544,49.4,47.6,9.5,9.3,0.5,16.5,29,0.276
TennesseeTech,2024,31,10,21,0.323,-14.79,-6.04,5,13,7,8,3,13,2089,2289,1250,758,1692,0.448,202,608,0.332,371,522,0.711,191,957,379,156,90,369,421,67.6,98.9,0.309,0.359,0.538,46.2,50,7.4,7.6,0.508,16,18.8,0.219
Tennessee-Martin,2024,32,21,11,0.656,-5.34,-7.02,14,4,12,2,9,7,2609,2455,1290,908,2045,0.444,279,779,0.358,514,667,0.771,325,1319,415,199,89,366,455,74.5,108.6,0.326,0.381,0.552,51.9,45.7,8.3,6.9,0.512,13.4,27.1,0.251
Texas,2024,32,20,12,0.625,16.05,9.4,9,9,14,4,4,6,2449,2236,1285,890,1878,0.474,237,654,0.362,432,571,0.757,324,1106,503,230,144,364,559,68.2,111.8,0.304,0.348,0.57,50.7,56.5,10.5,11.7,0.537,14.5,30.5,0.23
TexasA&M,2024,34,20,14,0.588,13.06,9.09,9,9,10,5,6,6,2543,2408,1365,862,2158,0.399,234,823,0.284,585,825,0.709,587,1452,384,242,98,327,566,67.5,110.5,0.382,0.381,0.499,55.8,44.5,10.5,9,0.454,11.4,42,0.271
TexasA&M-Commerce,2024,33,13,20,0.394,-14.02,-4.68,6,12,8,7,4,12,2361,2462,1365,829,1996,0.415,288,922,0.312,415,592,0.701,316,1075,457,262,164,385,582,68.7,100.8,0.297,0.462,0.518,45.6,55.1,11.2,12.4,0.487,14.5,25.6,0.208
TexasA&M-CorpusChristi,2024,32,21,11,0.656,-3.66,-6.91,14,4,13,2,8,7,2417,2127,1295,868,1980,0.438,181,592,0.306,500,708,0.706,418,1284,476,281,94,390,673,71.2,105.7,0.358,0.299,0.522,54.5,54.8,12.3,8.7,0.484,14.4,34.3,0.253
TexasSouthern,2024,32,16,16,0.5,-9.07,-7.3,12,6,7,4,6,10,2245,2264,1285,794,1916,0.414,235,743,0.316,422,585,0.721,356,1132,375,221,122,405,592,69.5,100.5,0.305,0.388,0.512,49.4,47.2,9.9,10.5,0.476,15.6,30.4,0.22
TexasState,2024,35,17,18,0.486,-3.39,-0.42,7,11,9,4,5,11,2445,2452,1410,883,1988,0.444,159,488,0.326,520,747,0.696,388,1243,413,258,118,470,617,68.4,101.4,0.376,0.245,0.522,51.3,46.8,10.7,9.3,0.484,16.7,31.9,0.262
TexasTech,2024,33,23,10,0.697,15.98,9.74,11,7,15,2,4,6,2494,2288,1325,853,1881,0.453,282,773,0.365,506,650,0.778,326,1155,486,201,84,368,488,67.2,112,0.346,0.411,0.569,50.9,57,9,7,0.528,14.4,30.2,0.269
Texas-RioGrandeValley,2024,31,6,25,0.194,-13.34,-0.86,2,18,5,9,1,14,2181,2473,1250,754,1801,0.419,160,547,0.293,513,728,0.705,290,1037,400,251,92,434,563,73.5,95,0.404,0.304,0.508,45.9,53.1,10.9,7.3,0.463,16.8,24.9,0.285
TheCitadel,2024,32,11,21,0.344,-6.43,-2.81,3,15,7,7,2,13,2260,2289,1285,819,1782,0.46,197,600,0.328,425,602,0.706,300,1094,359,179,84,385,447,67,105,0.338,0.337,0.546,51.4,43.8,8.3,7.4,0.515,15.7,28.5,0.238
Toledo,2024,32,20,12,0.625,2,-1.87,14,4,12,3,8,5,2560,2436,1290,920,1926,0.478,207,550,0.376,513,680,0.754,318,1081,430,233,64,342,498,70.2,113,0.353,0.286,0.569,50.1,46.7,10.3,5.3,0.531,13.2,29.3,0.266
Towson,2024,34,20,14,0.588,0.4,-2.06,11,7,12,2,6,6,2296,2164,1375,818,1934,0.423,216,659,0.328,444,672,0.661,491,1337,381,210,142,413,565,63.2,105.6,0.347,0.341,0.509,56,46.6,9.7,12.3,0.479,15.5,39.9,0.23
Troy,2024,32,20,12,0.625,1.5,-2.91,13,5,15,2,5,9,2546,2261,1300,859,1950,0.441,276,787,0.351,552,753,0.733,427,1230,438,331,105,441,611,71.2,110,0.386,0.404,0.552,52.9,51,14.3,8.7,0.511,16,36,0.283
Tulane,2024,31,14,17,0.452,3.96,2.99,5,13,11,6,2,8,2540,2481,1260,856,1798,0.476,233,653,0.357,595,813,0.732,217,1030,440,243,136,347,530,73.4,109.8,0.452,0.363,0.581,45.7,51.4,10.5,11.7,0.541,13.7,20.6,0.331
Tulsa,2024,31,16,15,0.516,-0.91,-0.71,7,11,14,4,2,9,2325,2290,1255,779,1775,0.439,239,731,0.327,528,717,0.736,270,1091,392,243,105,403,543,71.4,103.8,0.404,0.412,0.549,48.1,50.3,10.9,9.1,0.506,16,24.8,0.297
UAB,2024,33,22,11,0.667,4.91,3.78,12,6,12,5,7,5,2561,2489,1340,886,1969,0.45,200,619,0.323,589,788,0.747,428,1260,444,216,152,384,524,68.7,111.3,0.4,0.314,0.546,52.4,50.1,9.4,12,0.501,14.1,35.7,0.299
UCDavis,2024,33,20,13,0.606,-0.93,-2.45,14,6,10,6,8,6,2351,2246,1330,799,1808,0.442,230,684,0.336,523,699,0.748,327,1102,411,257,116,444,633,68.1,103.8,0.387,0.378,0.549,49.7,51.4,11.4,9.7,0.506,17.2,29.6,0.289
UCIrvine,2024,33,24,9,0.727,7.3,-1.04,17,3,13,0,8,8,2564,2237,1330,937,1962,0.478,191,547,0.349,499,661,0.755,345,1247,518,212,112,387,606,69.7,110.7,0.337,0.279,0.563,53.5,55.3,9.2,8.4,0.526,14.5,31.6,0.254
UCRiverside,2024,34,16,18,0.471,-3.93,-0.9,10,10,10,5,4,12,2404,2448,1366,842,2122,0.397,287,904,0.317,433,604,0.717,420,1256,446,191,48,326,586,67.7,104,0.285,0.426,0.499,51,53,8.3,3.8,0.464,11.9,31.1,0.204
UCSanDiego,2024,32,21,11,0.656,2.81,-2.26,15,5,14,2,7,8,2455,2213,1295,856,1877,0.456,283,799,0.354,460,606,0.759,305,1113,415,201,89,309,515,67,113.2,0.323,0.426,0.567,50.4,48.5,9.3,7.5,0.531,12.5,27.9,0.245
UCSantaBarbara,2024,31,16,15,0.516,-2.8,-2.63,9,11,9,7,6,7,2337,2280,1250,826,1684,0.49,187,519,0.36,498,677,0.736,252,1081,417,152,99,405,511,69,108.4,0.402,0.308,0.583,52.1,50.5,7.1,8,0.546,16.8,26.4,0.296
UCF,2024,32,17,15,0.531,12.8,8.74,7,11,11,7,3,7,2289,2159,1285,789,1881,0.419,216,673,0.321,495,700,0.707,394,1205,369,279,164,400,577,69.2,103,0.372,0.358,0.517,52.1,46.8,12.6,15.4,0.477,15.3,32.9,0.263
UCLA,2024,33,16,17,0.485,7.73,8.08,10,10,9,7,5,6,2177,2160,1320,762,1820,0.419,183,552,0.332,470,644,0.73,339,1115,368,192,109,358,609,64.8,101.9,0.354,0.303,0.512,50.9,48.3,9,10.9,0.469,14.4,30.4,0.258
UNCAsheville,2024,34,22,12,0.647,-1.68,-2.74,12,4,12,2,5,7,2682,2485,1375,906,1950,0.465,277,759,0.365,593,799,0.742,319,1182,534,203,146,403,581,70.3,111,0.41,0.389,0.576,49.5,58.9,8.4,11.2,0.536,14.7,28.1,0.304
UNCGreensboro,2024,32,21,11,0.656,-0.1,-2.73,12,6,11,3,7,7,2422,2233,1290,865,1878,0.461,322,812,0.397,370,507,0.73,319,1133,473,223,81,349,549,66.9,112.2,0.27,0.432,0.572,51.1,54.7,10.3,7.9,0.546,14.1,29.8,0.197
UNCWilmington,2024,31,21,10,0.677,1.44,-2.66,12,6,10,2,10,6,2461,2202,1260,863,1871,0.461,258,741,0.348,477,628,0.76,330,1066,379,202,75,266,527,66.6,117.3,0.336,0.396,0.567,49.8,43.9,9.6,6.7,0.53,10.9,30.4,0.255
UTArlington,2024,34,20,14,0.588,2.4,0.72,13,7,12,3,5,10,2614,2492,1365,880,1981,0.444,305,861,0.354,549,747,0.735,404,1275,536,241,130,526,706,71.9,106.5,0.377,0.435,0.56,52.7,60.9,9.8,10.2,0.521,18.4,34,0.277
Utah,2024,33,19,14,0.576,14.99,9.57,9,11,14,2,2,9,2576,2397,1335,958,2058,0.466,294,822,0.358,366,564,0.649,340,1287,568,198,136,384,530,70.7,109.2,0.274,0.399,0.554,51.8,59.3,8.4,10.2,0.537,14.2,28.3,0.178
UtahState,2024,33,27,6,0.818,12.17,4.75,14,4,14,1,8,4,2633,2319,1340,943,1912,0.493,209,632,0.331,538,752,0.715,320,1198,541,223,135,368,561,69.1,113.7,0.393,0.331,0.58,52.9,57.4,9.6,11,0.548,14,29.3,0.281
UtahTech,2024,31,11,20,0.355,-8.08,-1.18,7,13,6,7,5,13,2194,2389,1250,771,1724,0.447,201,596,0.337,451,699,0.645,307,1070,401,205,133,495,647,71.9,97.7,0.405,0.346,0.534,48.7,52,9.1,11.6,0.506,19.4,28.4,0.262
UtahValley,2024,32,16,16,0.5,-1.34,-0.04,11,9,10,4,5,10,2199,2195,1290,801,1851,0.433,154,540,0.285,443,655,0.676,335,1179,477,222,143,395,578,69.2,98.6,0.354,0.292,0.509,50.7,59.6,10,11.9,0.474,15.4,28.5,0.239
UTEP,2024,34,18,16,0.529,-1.28,-1.09,7,9,13,5,2,9,2470,2348,1370,859,1922,0.447,194,609,0.319,558,809,0.69,361,1124,439,389,97,500,677,71.4,101,0.421,0.317,0.535,49,51.1,15.9,8.4,0.497,17.8,30.2,0.29
UTSA,2024,32,11,21,0.344,-4.94,-0.39,5,13,7,9,4,11,2483,2591,1300,837,2040,0.41,311,922,0.337,498,701,0.71,419,1289,444,161,133,360,573,71.3,107.2,0.344,0.452,0.523,51.4,53,7,10.5,0.487,13.2,32.4,0.244
Valparaiso,2024,32,7,25,0.219,-8.16,1.26,3,17,6,11,1,13,2163,2416,1280,796,1961,0.406,234,721,0.325,337,471,0.715,320,1064,384,197,113,353,521,69.3,97.6,0.24,0.368,0.495,46.3,48.2,8.9,9.3,0.466,13.9,26,0.172
Vanderbilt,2024,32,9,23,0.281,0.46,8.43,4,14,8,10,1,9,2173,2428,1285,748,1877,0.399,209,738,0.283,468,660,0.709,344,1102,300,196,92,333,489,67.8,99.7,0.352,0.393,0.496,48.1,40.1,9,8.1,0.454,13.2,28.2,0.249
Vermont,2024,34,28,6,0.824,2.92,-3.89,15,1,16,1,10,4,2459,2141,1365,880,1928,0.456,295,858,0.344,404,561,0.72,262,1186,466,198,133,310,469,65.6,109.9,0.291,0.445,0.56,50.9,53,8.8,10.7,0.533,12.4,23.2,0.21
Villanova,2024,33,18,15,0.545,14.79,9.76,10,10,10,5,4,8,2327,2161,1350,805,1894,0.425,309,910,0.34,408,501,0.814,283,1152,426,189,81,314,507,64.2,107.4,0.265,0.48,0.546,50.6,52.9,8.7,7.9,0.507,12.8,25.2,0.215
Virginia,2024,33,23,10,0.697,11,7,13,7,15,2,5,6,2098,1966,1335,794,1831,0.434,217,598,0.363,293,460,0.637,291,1083,503,235,168,270,445,61.2,102.7,0.251,0.327,0.512,48.8,63.4,11.5,15.9,0.493,11.6,26,0.16
VirginiaCommonwealth,2024,34,22,12,0.647,9,3.85,11,7,13,6,5,4,2452,2277,1370,823,1845,0.446,291,805,0.361,515,662,0.778,312,1202,469,218,144,411,562,66.2,108.1,0.359,0.436,0.568,52.1,57,9.6,12.2,0.525,16,28.4,0.279
VMI,2024,32,4,28,0.125,-20.43,-2.23,1,17,4,10,0,15,2204,2644,1285,818,1935,0.423,210,673,0.312,358,517,0.692,299,1170,335,179,82,507,539,74.6,92,0.267,0.348,0.505,48.3,41,7.5,6.5,0.477,18.9,25.2,0.185
VirginiaTech,2024,32,18,14,0.563,11.78,7.85,10,10,14,2,2,9,2400,2274,1280,834,1787,0.467,264,753,0.351,468,592,0.791,248,1026,483,169,81,353,505,67.9,110.5,0.331,0.421,0.58,50.2,57.9,7.8,6.7,0.541,14.6,25.2,0.262
Wagner,2024,31,16,15,0.516,-10.86,-9.51,7,9,7,5,9,10,1970,1925,1255,706,1800,0.392,223,692,0.322,335,472,0.71,358,1131,397,185,69,310,478,62.9,99.8,0.262,0.384,0.487,51.1,56.2,9.4,7,0.454,13.3,30.7,0.186
WakeForest,2024,33,20,13,0.606,15.17,7.45,11,9,16,1,2,9,2580,2325,1330,915,1920,0.477,269,724,0.372,481,605,0.795,275,1122,412,195,136,358,513,68.7,113,0.315,0.377,0.584,51.1,45,8.5,10.8,0.547,14,26.3,0.251
Washington,2024,32,17,15,0.531,12.08,8.61,9,11,11,6,5,6,2579,2468,1305,931,1980,0.47,258,728,0.354,459,636,0.722,301,1151,482,184,118,374,585,72,109.8,0.321,0.368,0.565,49.9,51.8,7.8,9,0.535,14.1,27.1,0.232
WashingtonState,2024,33,24,9,0.727,14.28,6.86,14,6,15,2,6,4,2452,2207,1330,905,1940,0.466,211,621,0.34,431,615,0.701,370,1244,414,173,160,357,553,66.7,110.6,0.317,0.32,0.549,54.4,45.7,7.8,12.5,0.521,13.8,32.9,0.222
WeberState,2024,32,20,12,0.625,-0.01,-3.67,11,7,12,2,7,7,2414,2161,1290,843,1797,0.469,251,721,0.348,477,637,0.749,248,1025,390,221,53,316,495,66.8,112,0.354,0.401,0.575,49.9,46.3,10.3,4.8,0.539,13.1,23.8,0.265
WestVirginia,2024,32,9,23,0.281,4.25,11.28,4,14,9,9,0,9,2234,2459,1290,767,1784,0.43,233,667,0.349,467,662,0.705,293,1080,417,139,114,405,487,68.7,100.8,0.371,0.374,0.532,48.5,54.4,6.3,10.2,0.495,16.2,26.7,0.262
WesternCarolina,2024,32,22,10,0.688,2.14,-3.17,11,7,12,3,10,6,2459,2198,1295,902,1963,0.46,261,713,0.366,394,553,0.712,335,1269,367,141,103,330,536,68.6,110.7,0.282,0.363,0.552,53.4,40.7,6.3,7.8,0.526,12.9,29.5,0.201
WesternIllinois,2024,33,21,12,0.636,-8.46,-7.08,13,5,10,5,10,6,2272,2167,1330,826,1936,0.427,195,611,0.319,425,691,0.615,482,1397,421,173,185,436,470,66.9,102.1,0.357,0.316,0.502,55.5,51,7.8,13.3,0.477,16.1,38.3,0.22
WesternKentucky,2024,33,22,11,0.667,1.44,-3.4,8,8,12,2,6,7,2659,2444,1321,968,2069,0.468,225,662,0.34,498,693,0.719,347,1314,437,255,106,452,610,76,106,0.335,0.32,0.554,52.1,45.1,10.2,8.6,0.522,15.9,28.8,0.241
WesternMichigan,2024,32,12,20,0.375,-9.06,-3.54,9,9,7,7,3,12,2281,2396,1295,828,1912,0.433,253,747,0.339,372,595,0.625,402,1212,418,169,87,428,550,68.6,102.7,0.311,0.391,0.52,51.8,50.5,7.6,7.3,0.499,16.3,33.8,0.195
WichitaState,2024,34,15,19,0.441,2.33,3.51,5,13,10,5,2,10,2475,2484,1370,935,2091,0.447,220,660,0.333,385,552,0.697,396,1339,413,213,142,419,522,69.5,104,0.264,0.316,0.526,52.6,44.2,9,10.8,0.5,15.1,32.2,0.184
William&Mary,2024,33,10,23,0.303,-11.13,-5.35,4,14,7,7,2,13,2305,2380,1325,787,1910,0.412,296,916,0.323,435,620,0.702,341,1161,407,156,56,357,560,66.7,104.4,0.325,0.48,0.523,49.3,51.7,7.1,4.7,0.49,13.9,28.1,0.228
Winthrop,2024,32,17,15,0.531,-1.79,-3.23,8,8,11,5,6,9,2475,2287,1310,818,1763,0.464,238,697,0.341,601,856,0.702,341,1134,380,201,89,415,570,68.3,110.7,0.486,0.395,0.57,51,46.5,9,8.3,0.531,16.1,31.8,0.341
Wisconsin,2024,34,22,12,0.647,16.89,11.45,11,9,14,3,3,9,2540,2355,1375,903,1952,0.463,241,693,0.348,493,653,0.755,341,1158,428,211,55,332,555,65.7,112.5,0.335,0.355,0.561,52.7,47.4,9.3,4.5,0.524,12.8,30.3,0.253
Wofford,2024,32,17,15,0.531,-3.71,-1.43,10,8,11,2,6,9,2384,2362,1300,874,1905,0.459,306,852,0.359,330,532,0.62,337,1190,494,142,86,373,522,67.5,108.7,0.279,0.447,0.552,53,56.5,6.5,8,0.539,14.7,30.2,0.173
WrightState,2024,32,18,14,0.563,0.01,-3.39,13,7,9,7,7,6,2767,2599,1295,1033,1948,0.53,218,569,0.383,483,638,0.757,290,1111,529,200,90,379,499,72.6,117.7,0.328,0.292,0.615,51.6,51.2,8.5,7.2,0.586,14.4,28.6,0.248
Wyoming,2024,32,15,17,0.469,0.97,5,8,10,9,5,3,10,2331,2383,1290,791,1755,0.451,241,648,0.372,508,686,0.741,307,1103,374,165,80,408,500,67.9,106.4,0.391,0.369,0.56,50.8,47.3,7.5,7,0.519,16.4,29.1,0.289
Xavier,2024,33,16,17,0.485,12.25,10.95,9,11,11,7,3,8,2503,2460,1320,895,2056,0.435,224,658,0.34,489,657,0.744,393,1257,536,231,110,381,556,71.4,106.2,0.32,0.32,0.528,51.5,59.9,9.8,8.4,0.49,13.9,32.1,0.238
Yale,2024,30,21,9,0.7,5.05,-0.52,11,3,9,2,9,6,2268,2004,1220,850,1799,0.472,218,626,0.348,350,491,0.713,299,1109,454,181,96,285,451,66.1,112.5,0.273,0.348,0.558,53.4,53.4,9,9.6,0.533,12.3,29.4,0.195
YoungstownState,2024,32,22,10,0.688,1.21,-4.86,14,6,14,3,8,7,2598,2269,1290,931,2064,0.451,282,872,0.323,454,589,0.771,409,1279,490,198,156,353,520,70.8,113.8,0.285,0.422,0.554,53.8,52.6,8.7,12.5,0.519,13.1,35,0.22
